3.541693303734665,0.6840305785860126,99.90894
2.3415336605823986,0.2184344318397705,18.91172
0.5091344103568826,0.6906973205646134,32.56353
-1.2063793362731168,0.18789420653671401,-235.032
2.529239940846838,0.8176268788616261,-157.2056
-1.0193691365450168,-1.6967978403867514,193.8963
1.2286911712286723,0.2179366256150028,-56.84162
1.6409517255143105,1.7263955493500025,-17.23859
0.29962084293042146,1.9353090530344186,-91.66842
-0.520505137483729,-0.20471754868194866,-125.9104
0.5601577949537218,-0.12409806724425909,-70.42175
0.15214406765637034,0.983824598478212,4423.71
0.12079800671467167,-0.10749136194889905,-123.4738
-0.3996311566010725,-0.6091493984277481,-240.268
-1.151821971507088,1.176341171853191,-264.9362
-1.5937395732916262,1.7468042890946394,1409.325
-1.7416485424738866,0.5862962407050106,-173.5426
-0.8758317317906228,-0.17888655803448783,547.5356
1.113998914202806,-2.3699083334581843,-232.427
-0.8557275129473075,-0.6209251805901184,-159.7489
0.8635230640652695,0.058601869532994164,-77.74825
0.09489815048081195,2.687434300929321,756.6106
-1.34263376521789,0.2700595584085626,1169.541
1.1926086152981135,-1.358034321021561,-127.8685
0.3440368394339677,-0.3328779186494359,-105.0836
-1.8031905988752677,-0.5510114112901475,-288.9185
-0.5645998192221818,-2.1326759527118355,864.1262
-0.9498550148802173,0.5657688167244718,-270.7643
0.47668440995424455,-0.5326684279891363,-196.2879
-0.6045737492273057,-1.1184011827121538,-151.6221
0.34703449931650193,0.1785517577867739,-58.70235
-0.8088492931047245,-0.6251801806644404,-174.4086
-2.339811404123,-0.6562620816148278,-89.91413
-0.22480052733215702,0.007110912265034565,-155.1123
-2.146739671102935,-1.4823059689568594,-139.5294
1.8460972502626143,-1.015608525179768,-141.8559
2.1201483459967174,-0.4658280068189182,-204.4462
0.07064652124502853,0.054499220336382645,-22.74912
0.5172163981786726,0.18117425132502127,-198.649
-1.0720737009335184,-0.6015282475859322,-200.1244
-0.10984078630678219,1.318580343097588,-173.4403
0.773401728624992,1.1233485323415413,-125.4842
-0.47701208902123315,0.4545360548195646,-391.0345
-1.082470249298161,-0.16393095185415565,-237.4639
1.0902661550472261,-1.40081445878723,-237.6633
-0.10804166431119211,-1.2822275615553544,-83.51122
-0.10253409508389935,-0.5705604154565355,-209.2393
1.7492176320188344,-0.201758517006451,-172.5331
-1.5981968443900736,-0.9589736690676833,-177.709
-0.731321874196983,1.9566119907025095,-111.5375
1.4502397129900177,-1.5350701712836865,-54.56574
-0.7212486514671873,-1.004953186006939,-145.0006
0.677947324575033,-2.6835954362258443,-223.9387
0.6862679953904767,0.8349082245816394,-131.8917
0.4829484488294382,-1.115629212029099,-344.4941
-1.7441536164957296,-0.37266026600628294,5145.684
-0.07927381920054923,-0.4895235475434683,-150.4833
1.128685200813717,-2.2484329313620197,-184.581
0.3265626702005913,1.3600898413710918,-152.6751
1.0373159088788435,-1.5296863334308957,-129.5
1.2500084266419709,-1.791756871839758,-22.68424
-1.4467676182902804,-0.6604377898123253,-78.30129
0.22437146038336678,0.06500825213180625,-176.5685
-0.3632094136307888,-2.047876708825212,-114.6269
-1.3863917266760315,-0.0225951353293369,-141.8889
-1.1793962993716378,-1.2897126911691457,-61.38692
-1.5518147596424399,1.7089191942839277,14.43177
0.9960662380188353,0.031782884043519914,-93.1767
0.1459245825302305,-1.5716609672942738,100.5873
0.9985167881724855,-1.5442515190062225,1974.085
0.43524928590737855,-1.7505780373207982,-169.1918
0.742173911159382,-0.5799549889781753,-46.22049
1.901008322082504,0.7710346809554433,216.2981
-2.051767093784083,2.2672532855084944,-5.354778
0.9118159349859787,-3.3801693267793897,-310.2552
1.8355233266885718,-0.6166811680806995,99.93012
-0.3291973087690383,0.8830678293546843,-60.97913
1.054309466838502,-1.0845886655775376,-56.56166
2.0867796649510333,0.03065936980121612,-222.1007
-1.0363989753934584,-0.5608064828137198,197.4761
-0.25297356873806964,0.3355244549968892,-230.4916
2.1657489446011544,-0.5453897204551678,-350.3014
0.16870817216128067,-0.6647466036288471,-279.2989
1.7353899802342356,0.7769168151673209,-170.1997
0.007912309808843797,-0.42299174397343087,-133.147
1.0769471467586431,-1.6723067305033403,-197.6653
-1.1655112928385791,-0.36036811355574555,-212.6097
0.269452186477473,1.9893082433337985,-147.2539
-1.816534472437524,-1.8235283165446345,-174.4113
-0.02205257907517055,-0.8826827090204015,-305.1194
-1.7347852813091011,-1.0045696470319756,5134.129
0.7385391123661361,1.3575729049133916,-65.08465
-0.312756313083917,-2.0691229800677573,292.6031
-0.7279585861005639,-0.7996272297817072,-92.67859
-0.9572513250017481,0.7098495501861816,-203.6906
-0.44172039955520165,0.982896772664859,-67.01898
-3.0053928020765417,-0.6033424323597232,7.939636
-1.8978764623846558,0.5692652303664233,93.30516
0.8848309294052489,2.3028663270523078,-161.4902
-1.1709984504325666,-0.34047649366126215,-72.52745
1.143506511558283,-0.7286288015554843,-91.17455
-0.528903174842583,1.2762788407252863,-85.54509
1.5241211101833754,0.9149074534556406,-302.5979
-0.5769201455245467,1.0789384537249924,943.4395
-1.5876176078033934,-0.9692584430851807,798.8725
0.6138161285122767,0.1464655051658539,-121.5565
1.0680546252946779,-1.290719312250481,-135.303
1.1542816108427267,0.2376928184106475,-59.72945
1.849637828288527,2.4117858586903687,-151.8818
-0.5863142777354776,2.74534954437669,-83.21557
0.49137106821073057,0.09676485500065021,-14.76035
-0.7528192341266466,0.43075055995386285,-124.7118
-1.1634880175717792,-1.5760372445269026,1079.22
-0.7754818986905659,-2.542506552737832,-132.5772
1.1239950120115192,0.0953174047480971,443.4332
-0.9121679436250282,-0.8194957875390391,-141.4329
-0.02489348969641419,1.3452549005789942,-85.00204
0.606001113005686,0.303446562768738,-150.8912
0.32467759200968394,-2.183579110864622,75.50888
0.6634386655369451,-0.3097961547199929,-125.1912
-0.44078002314409187,0.3126355358889228,-101.5258
-1.7173802815875832,-0.1812455892443694,-41.46551
0.6051152414180458,1.8165737112924014,-57.00366
-1.1125015654071018,-1.664355403616599,-148.0486
-0.12946295677536532,-0.1619823267701884,-145.0825
-0.2626632892889178,0.9786868988691769,-77.2444
0.9234607089883624,-0.20229763166932682,-180.418
2.274745259753732,0.7824869296900259,-123.8855
0.994443926091435,-0.2677596679433003,-180.6905
-0.5002141265791887,1.998884564512242,-248.2212
-0.6295900014900153,0.4402949047012381,670.4262
-0.21603957406048305,1.85856952939644,-229.8634
-0.5762503255624399,0.45443639551402254,-179.5559
-0.2940000700516135,1.272556251521915,-222.1584
1.3340065548917095,-0.27357389745691013,-233.7924
0.2849978910231983,-0.46081927560686864,-217.6604
-0.8690944762644726,-1.0468242368999872,-188.9347
-0.07982812271378367,0.47425087052306125,-144.4008
2.379380700712845,-0.366235905475633,404.5641
0.16188853184369972,1.9475927072983394,-240.7801
0.6888567866138335,0.7243795969776603,-68.42821
-0.46125794776353163,0.8685860904771886,-174.3955
1.377326314416378,-0.1102816188187301,-373.2965
-0.6873777434685218,0.9640732892300129,-153.9983
-0.13721881601590002,0.019102514463266128,5036.728
-0.5987323564618046,0.5859097975537672,-96.43219
0.3800367544197853,-1.283781713819656,-153.1548
-2.012409009509599,0.4440231873177901,-170.1157
0.7010438817048854,0.7322765794932243,-203.0565
-1.818725838764898,-1.9206876159416526,-104.8826
0.10478994958193591,0.11357134905254991,102.6531
-0.8965740088611046,-0.5158027512687798,19.15433
-1.738455211617168,0.013292744888225004,-85.07666
-1.7587969551324145,-0.43761363925190155,-126.8553
0.3764061108140406,3.060783759013413,1736.089
1.5486640318657074,0.015018168095707394,-154.5508
1.098150940206264,-0.8927803614152687,9707.891
0.5329069596665237,1.475721388491987,-109.0333
-0.7056386628717584,-0.6574191050614651,-122.9328
-2.0844429265653104,1.3886109721025661,-117.994
0.8093162108413805,1.581681958415865,-208.3905
0.5241962940019061,-0.20349927917212166,-165.0917
0.5333199567583194,1.5124971761737969,-169.9385
0.7372769640270963,-0.5539534489472171,-164.8699
2.3864116197752208,-0.8068203441429839,8.686676
-0.43762211605123774,-0.33348844079500606,320.2258
-0.021969041183211788,-1.3602989585404586,-171.5598
-0.6216233450387841,-0.6416591580492482,-142.0515
0.3763534605809426,2.113579568540108,-218.618
0.7586652304506112,0.1474838980584621,-91.1864
-1.8454292427043646,0.11265638346382155,-64.01667
0.4351054273318936,-0.5660466067260779,-97.25175
0.8424174392258518,0.2684267526419698,-191.6268
-0.23026425475196594,0.6336078326534637,-241.4456
0.39819486839460155,-0.07781926861538696,-185.4845
-0.2802107818473549,-2.3338250893892503,-112.4126
0.28644471935746596,-1.4148916533890188,-204.8691
-0.5825903277106051,-1.8403989179493563,-138.3424
0.7545347554665394,0.0021615869882719305,-102.2517
1.1241233767402128,1.450511870531407,-136.6014
0.2919673865805862,0.32823175136466254,-123.4023
-0.2872390789859206,-1.0075574759833166,-82.75103
0.8626342883454028,1.8917903193289396,2172.417
-0.37307207224397343,1.6284768312363314,-193.0292
-0.34644865796404434,0.6575086861676668,-160.9687
2.421027736311293,-1.9003733239165337,20.73112
-1.6820945848763336,1.0312445384460003,-102.833
-0.6888170483772733,-1.0858676639960658,-246.0604
0.895233953788297,1.1513304782698124,506.5558
-0.1391623362144821,-1.1019693122158734,2905.868
-1.3934205463144245,-0.6982055392162999,-114.2783
-1.345927693731989,0.42999745065751266,-133.9709
1.6657763198334155,-0.9415246710113367,-36.84704
-0.5202722670228298,-1.2757072035450925,-178.3492
-0.31619887328628554,0.33787330163559337,-140.7619
0.6551456885481344,-1.6367608436885615,3022.055
-0.5254170770311097,1.8029168241572895,51.58281
-1.352453776994605,-1.5230777862901361,-144.1346
0.32432073108233195,1.3897707469802965,6050.771
-0.39492020764484953,0.39127217573812545,-131.0664
-0.5302220358167044,1.3196222742956154,-209.2391
0.6840199683691883,-1.1287930683080942,-113.0559
0.8147116404252303,1.8151983806810945,131.4161
1.460370821474008,-0.9293065753118108,-19.09464
-1.6068941409242326,-0.21943501693513368,-265.7053
-0.5790587129141698,-1.213513539538541,-214.0955
0.27102317169631795,-2.0299344188282964,372.3909
0.5784365814735428,1.0536289760138533,-167.1368
-0.55688824228553,-0.29101362683621307,-228.9535
-0.32536836171563605,-0.3797183197407161,-89.34441
-1.3710645487332183,-0.4166770701919683,-82.7639
-0.14054866319800802,1.4365022525126976,-174.7912
-0.7185117743469106,-0.8358479336304787,-104.0531
2.499221711022169,-1.1170520799438441,-80.98402
-0.695593994068564,1.112812811664144,-52.70145
-0.21267672046183275,-0.212891547967441,2856.272
0.19213835712107977,-1.3184471370881807,-128.9731
-0.8458555598756524,0.05105168274835919,-80.31165
1.4017148750833432,-0.7143914959856883,-163.7753
-0.030383880877787563,1.3667164324909935,-122.4593
-0.9159887987668753,-1.0704265744428536,-260.3474
-1.2328780204765286,0.7384846931287217,278.5953
-1.1148628706903645,0.28624235047431335,-187.1702
-0.7720999332433462,0.4664892461869556,5940.584
1.748386015465681,0.8490463441778523,216.1966
0.34312466589531027,1.427423304787065,-34.29636
-0.4637126491824079,-0.8615902386062473,-215.1128
2.51965581311383,-0.5607830797507013,-64.47617
1.3819778131602634,0.5756687981193223,-169.2834
0.5486179796687842,0.47431951345182405,-199.4307
-0.726582037283855,0.14776126168429937,-128.4724
-0.2439567540617594,1.0120146680137334,-123.7124
-0.2974464510287658,0.8540517476222248,-147.9283
-0.2601620662977297,-0.5025467345091207,-105.1862
-0.4364174300589794,0.6648173984526622,-212.7402
1.1445627065912112,-0.013001804469037034,-197.9486
-0.14761031389705354,1.2081643753171314,-203.7018
-1.5938404925473948,0.4861461513677357,-235.0797
0.3611667226722534,-0.787138155790147,120.1303
-0.2516266954296505,-0.6960386440347774,-178.9127
-0.9618914527093636,-1.242802708349859,-31.45688
0.5469643019514067,-0.19006831398576543,-119.8408
-0.3523912260189897,0.5815912554532074,-179.585
0.3160378689545272,1.9642934310600388,879.6813
-0.8554950998345827,-1.3695773551853985,-254.6646
1.9610921983448362,0.8426854512885905,-130.6634
0.5871235667870577,-0.6922941502231122,1989.726
0.7928749192758028,0.08514573367936729,-163.3404
-0.40432161015657425,0.9427937158665994,-196.7094
0.22846119843169718,-0.18523677921463683,-89.67102
-3.468009105122469,-0.4891557566882883,-75.49879
-1.0340141940131262,-0.4848838017042463,-66.93954
-1.1336736532886007,0.8524886660603718,-99.5321
1.7613251661661184,0.028973365642045265,-126.2398
-2.4028952184160572,0.048620365755920485,-58.63934
2.1500546302578503,-0.19824113992419956,1468.627
-0.6068207835943168,-2.028501619207626,-173.9933
1.4222510715167396,-1.1181627434874635,-306.4686
-1.7113100871932532,-1.0290012458160402,-170.3921
0.3337930695118666,-0.7198433273483589,-103.5992
0.9618899358816767,0.4785782168635389,-293.8518
1.7950487192860427,0.5343312939333135,-167.1754
-0.6546261525333786,1.737333748595675,423.4733
-0.5612394660495289,-2.0533377271257596,-6.136162
1.708109873130502,-1.5004767738074978,3265.791
-1.388181511037861,-0.20746273059527284,2173.655
1.8978232980848524,-2.484187503024995,-172.2078
0.9401458194658203,1.2648879181247117,2341.704
-1.2385531705547592,0.4592095547156489,-221.9097
-0.7194529728903716,0.004771560710719997,-208.8546
-1.2166547513800319,0.04547114210018583,-90.94157
0.3113027184095767,0.8287359421332626,-26.36095
-1.662832131181135,-0.9486193761738766,-124.4247
-0.07234637278944994,1.323430882170968,-150.6321
-0.5157077424079317,2.3885338224645647,-208.1802
-0.022335220949738485,-2.3397166211143774,-142.7383
-0.15592037218830487,-0.7116277139667897,-146.1727
-0.6783310630892795,1.4743932823935977,-43.24392
0.22767511798361134,-0.7775426417755928,-82.3395
-0.3756050971106059,0.8616091057965605,-142.2313
0.6236914689698217,-1.8433044737279731,-42.70401
0.8667960837811886,1.3564745274250891,-57.6895
-0.7445336164105858,0.5328602304708061,-236.6668
0.39936185016722203,0.607117352632825,-285.5864
2.1548336429416537,1.2642663460889134,157.7138
-0.8823347920246479,-0.7728906618588124,-122.2522
1.5966177539542048,-0.7735434808282784,-197.8192
1.6226265098880968,-0.8308715583497622,2028.471
-0.28308292202588997,-0.711897016092349,-194.4187
1.0839240176368579,2.7964872116110135,-194.2508
2.329698546183002,2.087961586692529,374.0737
0.49806651973452015,0.5218826888615861,-231.2778
0.6629526197805886,-0.30842775110065224,-291.8115
0.6745023688205077,-0.3003989282074854,-205.927
1.5028029358163983,0.667200696122898,-154.93
1.3720927466315092,1.966118115555253,-111.2451
-0.22520372118523704,1.930871720391558,394.1486
-1.5645196034102662,1.3934049600038982,-64.3335
2.7687152308370444,-0.9571038922497803,-208.8181
-0.61593491409834,0.9442758506154872,-89.98518
-1.3971306387949243,0.9514295622262803,-179.9763
-0.2130228124135033,0.21147130589851348,-171.2133
-0.7159762391690744,0.12028675248504117,-89.95162
1.8928994005151567,0.5449764673641027,118.7594
-0.33325599429052966,0.8586889631177576,1006.664
0.1366905697122601,0.3155087949444715,-248.223
-0.5490812062671793,-2.185870397652913,-127.0676
-2.1980449273537914,-0.4048199331079742,-130.0586
0.17939290248934453,2.2843948365852262,-162.9775
0.6036690066958524,0.7539762047307477,-207.3119
0.8935209224871782,-0.5791777674505487,-98.83991
0.6737544621194529,-0.057542259323592124,-73.89955
0.5855195133118151,3.2498256739795224,-108.6797
-0.38259146750727263,0.3183136123751562,-145.0466
1.1975209904945452,0.8009085857964532,-87.25515
-0.7046764667558773,-0.9436575782539709,1540.743
0.0900114852459017,-2.5006279511086147,-128.5283
-0.49027335450767034,-0.2656986682107684,-123.0158
-0.7339148638677937,-0.05836127763886109,-58.46281
0.1839385971226067,0.35260930636646354,-292.6403
1.4626926444784059,-0.13958198752371892,-172.4775
-0.41472982045220846,0.03906650603000943,-261.7437
-0.7390868761229001,-0.6294594516235297,-166.7588
-1.3577193843750595,-1.1036528784584183,-148.9908
-0.8407764183539439,-0.5733522501793668,-90.68646
-0.8969765350382788,-0.6568162834552316,-84.41992
1.5439314134103463,-0.9299439627046066,-139.8317
-0.8306588369809074,-1.1974891202177258,576.9541
0.6731953287987977,-0.6065035715669788,-102.3988
-2.1455044952220628,0.3809350829430037,1331.647
1.563731369982969,0.7354675529000106,-173.4432
1.0645322359173177,1.210625433660018,-204.4365
1.8793579861967402,-0.7050099311680442,-227.0856
0.24906797172943276,-1.8589700210091802,-143.2571
0.22535324929635428,1.441753626988429,-69.92191
1.591427551170183,-0.0523591384797765,-93.7402
-1.0069006435264916,0.0752054110980797,-160.3201
-0.1374768760197856,0.46787152570513457,-164.4039
3.4788484289874657,0.4421962055586299,-230.3324
-0.34794952817851765,-1.4832279880063615,-237.0622
-1.1323996188797634,-0.5915294684685708,-136.1575
-1.1725309851048247,-0.5923782509520769,-230.9333
-0.29254762215933067,1.5650107689402584,-141.4672
-0.15486068615363408,0.7753174641118984,-287.9696
0.6823089534664453,2.5475507485513575,-172.099
0.9469026999199731,-0.10266438667416551,-66.35551
-0.06463611191976787,0.8008217863503657,-219.8886
0.6771243311439211,-0.4287933671952635,-287.5153
-0.6288140369267142,0.34805808531832355,-177.3928
-0.4871304189569509,-0.6662803060125577,-147.9745
0.7906618203971743,-0.23122963619290002,-24.31712
0.6848624733800482,-3.347198659130134,-200.7926
-0.3896636296680731,0.7330074436451448,-313.1512
-0.07198930132361914,1.6990179287585019,-154.7764
-1.5363008376531897,-0.7374328539394368,-209.3387
1.8504956130489192,1.0283111248502192,-297.7429
0.7350615333897466,0.549390650011559,-46.74134
-2.263075853766834,-0.15663361714054727,-13.93783
0.2991014583934481,0.5241006468515292,-129.9979
0.33550937167364375,-0.4985158296678626,-45.4332
-0.7110218044036806,7.171492384684677e-05,-118.9083
-0.12815534458839273,1.0316796289851995,-179.1338
2.642609682349696,-0.5908588030057552,-142.1415
-1.5323459598808051,0.4385847441304638,-75.4014
0.40312253723915153,2.808550856228858,-311.4984
0.6320406307878939,-0.8442572452613062,287.5432
-1.172466123008415,0.6418702876866064,187.8612
0.4971402567317166,1.1328717956239196,-168.7555
1.3866909053794536,0.3914659841080579,-179.4284
-1.7555923891347367,-0.5283879854227558,-143.4213
-0.5863227094626066,0.12017397454801632,185.9811
1.7942512790126761,-1.1778387564081993,-190.3054
0.2600351276090146,-0.6455343111216708,-18.50167
1.69678726269117,-1.4329242224802974,-245.5796
-2.442308575076207,0.8962642756391953,-62.42657
-0.003134256923699882,0.8587790087174509,-158.7526
1.5758711835308121,1.0094029626242733,279.1086
0.5732152353485473,0.024828746507632407,-77.32481
-0.8544346543518345,-1.0497992156361287,-186.077
1.3775749831370339,1.4013943716420632,193.1669
0.05341015023160254,-1.8772391743287733,-147.668
-1.1840127353561698,-0.570387342606084,-46.51212
1.624187740912338,-0.7035149337615723,-148.279
0.34730794554286787,0.2945292067675044,2202.141
-0.43114513111678904,1.1021508495660948,-203.9497
0.6321365306462302,0.5036960087059174,-249.5045
-0.505925549177705,0.6977353076307488,-164.5122
-1.2811262619696178,1.2736874016609974,-88.98346
-1.2496625170017086,-0.5474156460594246,-116.3517
-0.032103646832714126,1.9365360119978878,349.8682
-0.23846541403516291,-0.6224558237391957,-198.3138
-0.14192326921797965,2.661429823639845,-95.02716
-0.8179545190045998,1.1184257604535681,-63.52927
-2.169908808002379,0.3122388950286378,137.5811
0.0646713127788826,-1.3448235242057895,-54.58379
1.1159212633880862,-0.3503037010506194,251.9369
1.589958476261736,0.36898210135897663,13.96392
0.023093972481265247,-0.042438105428674704,-112.4447
-0.16712675117295717,-0.416304098464316,-173.1959
-0.8834110830720368,-0.017624263814262926,-22.56234
-2.319755349473241,1.6824428974923007,1033.508
1.0079659969361752,0.15444412583948505,215.4283
-1.359463936325191,0.49833282935014656,-180.6547
-0.04698630208847834,-2.4550228994896433,-117.3062
-1.351278969543112,-0.996452827660792,-124.9841
1.2292361752325929,-0.15416138286848463,188.4555
0.16153965839434128,1.0181417030785318,-214.2327
-1.030375630197658,-0.31555440584607425,-74.54371
0.04872887426600143,-0.7777871762516636,-228.2361
-1.404949757413597,0.1417495062944247,-192.9867
-0.957328937842268,0.44311240828195725,1061.991
-0.6909887990969024,-0.8199804901442845,223.7209
0.33027917472513124,0.6182220307997812,-200.2618
1.3664621983775629,0.4616041999950077,32.2396
-0.5050518044862359,-0.13706460659940564,-162.5204
-3.251584250628114,-0.7641868491848899,-196.2721
2.446679921522436,2.8065067353784507,31.03115
1.6107975774340566,-0.23782559821605975,-110.4632
-0.184127729997384,1.584112188253975,557.1868
-2.7474868368879592,2.255294399224757,4010.874
-2.0871189461023785,1.3196834415435725,3259.074
1.2469517467795046,-1.2947573287714353,-81.33665
-1.4306703261444795,0.3915433785812562,-224.3564
-0.4572053800176901,1.3911072510077394,277.0737
1.2595662237493839,0.3135410094778044,886.2231
1.8899604072106486,-0.334579139243558,1144.511
0.1442722564791445,-0.9745460003653322,-236.2174
-0.4539527106078888,1.1638636983455606,-112.5178
1.553649508648071,0.08214758655214002,-73.04892
1.064911207792719,-0.04708607230637208,-33.27243
-0.4105353970198396,0.3250786577863272,-150.6623
-1.1033498455147837,-1.3082321245007886,-143.5308
-0.7052903939542672,1.6833947661669206,6003.032
-0.8579551248015362,0.9510795740188496,-259.7969
-1.4971824207295064,1.039661527563031,461.8611
-0.29195020562241186,0.4152252329010424,-97.02277
-2.431639676682665,-0.5442645492795065,-148.5978
0.22473434722972438,1.4862226005530819,18.69933
-2.39793268405986,0.5431106966330964,-104.0871
-0.06357069176765871,-1.2519764166667842,-224.7652
1.8525523336294998,-0.09965930154593695,-169.43
1.5519569446839538,1.8029049259053616,199.3401
-1.8888292091090944,0.7306261097726601,-26.36496
1.0898003710550195,1.3790209997327383,-201.3645
-0.4205359949853407,-1.05614361143628,-193.8967
1.8689677015957464,0.11072557967390409,-146.3305
0.17648003474001436,1.2212446896789366,-99.4403
1.2866545286599391,1.390156770977812,-224.4537
0.9391822407870914,0.24943020575211036,-89.06565
0.6824784139580536,0.19748633045426567,-113.6186
0.9867722332030864,-1.160144586343594,-107.168
-1.8771611953263616,0.39808337263887955,-148.2198
-1.53876373052385,2.321435890798674,-33.10629
-0.7360754387617447,-0.008006334066829272,-129.2967
0.5735680954206556,1.9373548153864737,-198.2841
-1.4429182735429602,0.31207899231019387,-231.6971
2.1504769366877956,0.750626827002717,-227.7393
0.5211033982097549,-0.008399787105686415,-230.6154
-0.01814861194377582,-0.0785384091107649,-206.2994
0.583347327595277,1.332480917698088,96.89651
-0.34493045955056434,-0.8059820137581505,236.3859
-0.7260518108476682,-0.2856734984783798,1351.731
-0.5854220323290262,1.330546908633979,217.8609
-1.6652067744928325,-0.13635419982034105,-39.81838
0.2343105478338929,0.7304076146246572,-162.8655
-1.9142131080980234,0.405195028990696,-213.9054
0.3364062562338885,-0.6966541290312906,-193.597
-0.042647495643601985,0.37018877853347726,-273.549
-0.804240393475886,-0.0996385032194936,-172.713
2.4145528357625072,-1.0114928812604433,338.3057
-0.089726668754242,1.4803739208088615,-194.5611
-0.13309553220131934,-1.3913842706651889,661.7242
-1.5892210354679792,1.5476055152772246,-188.6951
-1.2589948426906865,0.11475395633751354,-134.7663
1.218654279894678,2.0689352557014358,-169.5082
0.5385659435807626,-0.7050255864688896,-191.6357
-2.6099955370441537,-2.2288787547566717,-223.4637
0.8160342154883263,-0.04064480408076015,-143.0066
-2.397053444995472,0.8724087942811608,81.63239
-1.4790411371014667,-0.3904938420623932,1058.915
0.40770146297280024,-2.2888817873906318,-183.1812
0.34245717813787857,-1.7792498336273537,-73.97297
1.3362302993750117,0.3880906144593933,23.22244
0.041856564922836216,-0.12039781310455985,-154.5578
0.7768281396686115,0.07363011021242129,-181.9907
-0.02996178129789491,-1.3585941544361584,-116.9431
1.1818955785821805,0.39344276121441685,-169.8413
0.05281352764167731,-1.094468056118302,-185.3685
-0.36861052839131825,0.9184730211369802,6241.189
-0.8538672138386857,-1.1850291927494736,-132.7936
1.1578008333432792,-1.207308438974045,-149.0528
0.4245490489631172,0.4186239245914385,-209.1119
2.053357361673178,0.6098349319184626,-190.6048
0.8269755568780577,-1.1232436565700659,-206.3979
0.24465102147342815,0.2937557406741022,-133.3983
-0.23574120589977368,-2.298871384458818,-67.37888
0.4903307571467672,0.03406632905835016,-205.4995
-0.3146499596849014,-0.7784381723813472,-84.67536
0.5161247663321665,-0.22376614973190237,-118.1687
-1.5635408013161238,1.6624444478641696,-277.3163
1.40412238661422,1.1108866188590807,4640.814
-0.787957170001589,-0.7515193923426388,-175.1964
-0.1991089079244779,2.0624347542711448,-249.0473
-0.9446719484477311,0.8093249804400209,11511.62
-1.765503333955604,1.0456475353064227,-218.2928
-0.5931175015666771,-0.7946145404653617,555.2485
2.7010702546273455,0.09123271442190241,-126.235
0.1902741990194626,-0.8919515264144277,-143.7608
-0.4991092837822055,-1.0304509063122371,-102.9482
1.3173473666691415,1.0061981246347287,-213.7625
1.6262360011462274,0.146750498628853,-55.77331
1.2190800312592724,-0.8378043201252022,-203.7005
-0.6021682426897752,0.6447976506810453,3409.503
-1.3655045815366669,-1.1110039905161453,-212.5363
-1.619292648942748,-1.498865975741388,2094.497
-0.5231266984179084,0.32821374668947334,-121.3475
1.9398453958306634,-0.7074958396735047,-68.23759
1.0177348895246017,-0.9216110717005093,202.0086
-0.7949912183537317,0.3845050436337275,56.45914
0.15866657255495592,0.5240408088467838,-213.973
-1.7016504172873324,-0.29679113058504136,-123.1328
1.3901311765877915,-1.215990666513861,-195.0769
-3.006620525002284,-0.17208404254944754,-231.7323
-0.012130506170112134,2.194600726278424,-167.0789
1.346314498964508,0.3926106510445399,-19.94297
0.6126277821883059,-1.0823642508779912,-265.6176
1.3205501010690972,-2.505677368924766,-75.52895
1.8341781179405934,-0.5245024843977638,131.7663
-1.663925609748432,-0.5569590091262834,-142.8066
-0.7120487538952948,0.06847822606027107,-188.0158
0.6657610493608164,-0.5090585960211587,-100.1418
1.2959644383011752,-1.4381359651629333,-43.17075
-2.522699990687552,-0.25600194288834477,-159.9633
0.44264581760049654,-0.6459711760547986,-22.55
-0.11812796854617387,-1.0036997055694772,-123.8416
0.030556851638116053,-1.5768249359125028,-148.6956
1.8772984080729311,0.6332059644913332,-298.8886
0.7803279286902578,-0.05867820415918605,1192.591
-0.10720124680330909,-0.45115947751643054,-104.7848
0.010231383710835661,0.7888063194794398,-204.677
1.2374510882833343,0.6324783405350373,-128.1961
0.9023181344917005,-0.37324276923264316,-83.33736
0.24112095394602873,0.01226102905385036,-173.772
0.4206834948775755,-1.2546716848073998,-8.259604
-0.845845993099773,0.27184957849318697,-204.8048
-1.2767975865139713,-1.1728341506354898,-185.92
0.6823417957754717,1.1455497909883237,-155.2982
-2.3788053918072567,0.4063995901652202,-88.64976
1.3421641111002067,0.655376359020001,-101.0973
-1.1743147783901107,0.3893304844627864,1958.213
2.1522029334105053,-0.3477547571982146,-181.766
0.8378719574617629,1.4521289391413899,-151.5058
-1.3442441469911965,-0.29973160112626696,35.34986
0.9187165805890953,-0.179944436248294,-86.12276
-0.5178212067055687,1.076149416423974,-166.7908
-0.12749393232652192,0.9174593287700544,-241.8681
-0.4609021586617999,0.8703167677047389,-116.1378
2.5449083635912757,-1.0695618471696289,0.2341108
1.3784435916007862,-0.7149932677420636,-74.18372
-0.3237470664660032,1.0402071063232354,-143.2606
-0.05953664078957499,-0.9081912669161163,-14.19351
0.8149942291555883,-0.8759636540434652,1578.725
-0.8230010268779141,-0.6446008631650396,-92.16757
0.08899636243877147,-0.3443165224937619,-142.2233
-2.178044918726465,1.1017270370923928,68.01205
0.09797298611581316,-1.6959664461410489,-108.8447
1.5340098669214293,-0.13241505640081752,-200.6456
-0.9989747693688416,0.030500838803160284,-73.62817
-0.4712488655837425,-0.2797801712079495,-95.56084
-2.0084002310019593,0.2161462843098648,29.71595
0.9101234458004582,0.23197249875215914,-266.6009
-2.038937581200268,-1.1075058279939725,-206.2165
-0.535219318831485,-1.9232954983855157,1863.541
1.1420334565079155,-0.28872865197961345,123.3085
0.34126085550423296,-0.28369881903830135,-102.3882
1.0085738123074355,-0.6345836051209063,-187.5886
0.0031857898831230244,-0.004558914803327045,-90.45828
0.44540984479982076,-0.7102171217491655,-229.0691
0.7211634636864288,-2.683264111972146,-137.1469
-0.3639489807580863,0.060871172884710424,-293.1876
0.268489517932158,-1.352428622310143,-135.027
0.30074616030067924,0.9291732236492891,-60.96584
0.2074332922146813,-0.22591671109078895,-253.8402
0.22525173838847207,-0.55602368777813,-119.5333
-1.97082201331407,-0.7406233105952607,-45.97276
0.1902018424735452,0.29263682692985155,-203.6449
0.9291024269575885,0.469553448622997,-70.24461
0.6460573434091276,0.2024280694262695,-142.9269
1.02778591242141,-0.15582245456570215,-145.2578
0.13721173605584364,-0.235693709256686,-122.7222
-0.43049183370401556,-0.4554312255829884,-153.4386
-0.8496976136536475,1.512060406161258,-136.2657
0.6305537812432596,-1.817120826901389,689.1154
-0.9793708467919506,-0.17427980993548559,-159.0163
0.12522552193760586,-0.42815089527211225,-19.76494
-1.5754247885966797,0.9614825214942666,-262.3734
-1.2988325559657348,-0.2937800307627794,-176.8262
-0.19628105325410217,0.015822201275188574,-20.28918
-0.6222086099344707,-1.5762127801399286,-206.6812
0.27418585966217557,1.7326457248210765,-248.6516
0.5126227703510874,0.4174171748604091,2640.073
0.8910433287285626,1.3848358260831957,-154.4053
0.014113457850405478,1.429144504707003,-1.401062
0.1566463979138843,0.8103751594644696,-157.416
0.8020137553786318,2.0415233244524646,-255.3584
0.9680414946710885,0.7608700937720276,-87.5281
0.3543476721408103,-0.5733383652765117,458.196
0.23796820011557707,-1.30458626278442,5488.566
-2.5823446801620897,0.7245798136490718,-38.6046
1.4393036599215006,-2.2222469079356464,-162.8188
-1.5898160079348387,1.2444491485291718,-250.5185
1.6801503099376147,-1.597463970839641,1609.938
1.1724846975368841,-0.6509228255824199,-194.6399
0.8526971821439452,0.6425690474922043,1586.915
2.310257612242593,0.7721272170010166,-235.5859
-0.07747249520899095,0.6423207659835858,-213.4256
0.4524775328480397,0.06958579722341568,411.5303
-0.8629190170949831,0.10299887197022609,52.17812
0.526345953078179,-0.34465783330959665,-64.33307
-0.585745237899649,0.0826237467657491,-161.6314
-1.588785442906767,0.09965078722603764,-156.4958
-0.0345170753026456,-1.6666444879558642,-228.7444
-0.49428569837748076,0.601663886957368,-187.9256
-0.9103180810326801,0.6188761263546582,-48.64785
-1.3541532610995743,0.09436545759276703,-190.5636
1.317158618445299,0.06078045326758211,-107.6865
-1.4688047072889123,0.47971862160095946,2296.226
-2.2334772896572033,0.33720286851977255,-92.2948
0.33945397002484184,-0.08534462569574487,177.9395
0.06511277887306932,-0.4931817399260255,-80.45778
-1.4184188279175929,1.396996904456446,-92.69039
1.4170905495836823,1.2801900231904229,-113.397
0.2424032747367619,-0.14011010958428677,-45.77869
-0.49135199462990603,-1.29496187189662,-155.5433
-0.5701833133994674,0.12525572786462486,-284.2401
0.29939436258045343,-0.2733599607128931,5.518238
1.7066964935307676,-1.629537705323874,-169.4003
0.9152038908206946,-0.13166512130748018,-111.646
-1.8569389652284765,-1.4286621936534707,-42.15073
0.9072982370044932,0.47347441844435867,-170.2641
-0.39458483089682467,-1.0713772292505894,-126.8458
0.9697151386314924,0.12547457247000335,-161.9375
-0.6206614976084496,0.07592581042764554,-72.94633
0.5243338478465881,-1.1626367650624028,-101.473
-2.5758359704181797,-0.5151684872590399,-161.6385
1.5499152036052382,-0.11090298035179513,-162.0341
-1.327579255284786,0.06777840144692203,-161.4443
-0.8244001779732881,-0.598772414998078,3994.815
-0.41836235228868984,-1.008690710646828,-140.4787
0.7336049249603107,0.7027046887572588,-245.0571
-0.34590633370147633,1.8471875563397746,-176.623
-0.9684255214720507,-1.0535875020017882,786.975
0.33332048151221905,0.5029146367715074,-84.91236
0.0910173081475749,0.2092183282304511,289.5139
-0.9597412191686158,-0.8858623038459074,-266.856
-0.5352429888815478,-0.8593955788160975,-147.9959
-2.0011234442676082,0.9661996998873996,-190.2988
-0.36467357365396735,0.12078879930562758,-29.80649
-1.97933499990241,0.5186354611677838,-139.3238
-0.4445862241620432,0.9129307246245657,-85.00403
0.7027237693020246,-1.3526623081806475,-46.12761
-0.04154790568776157,-2.3930481107340222,-232.5787
0.5639274259919546,0.08268492739384851,-180.2896
-0.2578172653891096,1.13287720365715,-114.5076
-0.6550118501993382,0.06282749032734884,-135.2452
1.6165056943950025,0.34720227785785557,-103.9111
-1.0861715061613366,-0.5018609683608312,-136.3443
-0.3659564651911153,-0.9496699133208051,-150.7746
-0.8292948935922404,2.4439324607692003,-270.6995
-1.471437238212426,0.5349073449911592,667.8156
-0.10555857725809675,-0.23381998954660674,-61.74108
1.4860702325031474,-1.6671568807777999,-308.5256
0.32969802157163197,0.014859978173468246,-199.6983
2.7315931463750935,0.028640577745033934,-158.4083
0.09082491267508094,-1.4841368404224209,-152.5879
-0.9716309962286547,2.1231655416601587,9718.968
-0.30580289218701384,-0.2416745045962991,42.37151
1.5223482986590449,-0.02279135135373351,-109.0874
1.5033662554536331,0.8995527005005778,-205.718
-0.8465458151900155,-0.8595206686362539,-118.6427
-0.7291417752714242,0.1154215051102897,672.6998
-0.5562607807391452,-1.2357343395436684,348.8456
2.2985581174675156,0.5276587834467504,-145.5783
1.76048295828173,1.4162360397495373,-335.0716
0.8138336814113993,0.8924976951045689,-183.1118
1.298183585748451,0.6241780102603643,423.7333
0.26456918880171915,-0.09471540214262077,333.605
0.174525331238323,-1.7140977163079285,-200.3363
-2.06261633578301,1.7942054791975501,55.84664
1.3596718038884723,1.835335779297763,-157.3345
-0.2553413969930506,0.3242894851589655,908.3302
0.890764573256069,-1.065182499858868,-78.6167
-0.208706283777646,1.28143316783015,-51.06216
-0.17734551246562996,0.4304022968815387,733.9393
1.2370004041225375,1.12456590529915,315.3611
0.303958714556279,-0.8535834623783187,-132.3193
0.10224035826563388,0.35744689197281393,53.34029
-1.0987067381521745,-0.7276067704768917,-187.5067
0.12336755270192651,1.092751982138326,-146.1862
0.35509560766970794,-0.7854814858388809,-192.0829
-1.8865350990675251,-0.5023782737102763,-173.7792
-0.7246354789144882,2.336651443603639,-171.7718
0.6616872155661182,0.7431744543894645,819.7546
-0.21821876869641937,0.35668661335799573,1026.237
-0.6957825275218794,-1.798545532379695,-109.9375
0.11848571519544718,-1.0147756877225902,-121.8636
0.35015857791286725,-1.6506128263669315,271.4807
0.11502958780367267,1.8045399625412595,-198.8838
-0.02861656751328989,-2.1233478087221496,-209.4494
-1.8448341524443437,-1.54433139165554,-169.2854
0.26350949057411904,0.6910173327253613,-144.0439
-1.5964250010138432,4.154102100859635,-189.8197
-0.5504379556436756,0.9261985721124535,-46.33466
-0.2974766731263221,0.606935881325962,-15.35821
-1.0412741663510345,1.3703691700466625,-97.89604
-1.192705573527897,1.0380725212245143,-104.1372
0.25839071385280377,-0.7361786780565001,-82.29776
-0.10541727642467863,-0.7548842519816422,-179.0766
-0.6779746871998855,0.07644460855493007,-219.3721
0.6723252242091105,0.911330296334447,47.43282
2.2181971547974046,-2.0138669473032187,-109.5317
-1.365112598372773,2.842680151028228,-13.05352
1.086306554533357,-1.0242747451744518,-81.27528
-0.8071659673417967,-0.2257246972259561,90.88355
-0.8025793279197164,-1.8535624936396669,-131.0452
-1.0217967531810654,0.7554315671126209,-205.8033
2.088701685360646,-0.3709231149785372,-192.1833
0.7446577698273411,0.022716666980463488,-167.6373
1.4529713010208816,0.6159792923186928,-132.6806
1.34559631563936,0.7653665061727185,-257.0621
0.16945489637403613,0.9939650022151985,-79.24317
0.5777866857835275,1.293289372075295,1876.728
0.05873288738095553,-0.23898196336658312,-185.741
-0.26027708287812695,-0.5367965121692656,5126.123
1.1625542321625442,0.07834332943174507,-158.4487
-1.0432634560724874,4.136124148323642,890.1609
-0.3796559333719734,-0.5062033570493559,-93.67171
-0.7694574734813759,0.11716898337072915,-194.9876
-0.5125952495736098,0.1786660859040954,-231.2555
0.5988831955522288,-0.5018413648594977,-188.6572
0.8768027482522366,-1.5770462836631602,-245.4772
1.5720586565541452,0.3402502073605712,-91.19686
1.3861587048149362,2.690061188528052,-288.2682
0.4815029745319406,-0.8028507834619731,-143.9925
-1.5860872099214558,0.11276879950988378,539.4463
-0.552813409441737,1.5041302742513796,-157.1893
1.1563544631779694,-0.17722855265617177,250.8788
-1.485354362193314,-0.34754658084915463,5292.481
1.4550371161368953,0.7218846743990152,-159.8626
0.8925799265872436,-0.8067794762997467,-109.7071
-0.552573859261134,0.23720497418187425,-151.6389
0.09918818061726203,-1.2499912077268527,-143.376
-1.3269954859985431,0.9051703975327507,-119.4906
2.1648185634054364,1.4499882160961552,-207.6783
-0.13392190565447826,0.7253978288914155,-164.7108
1.0832404793341932,0.6471910957510869,6321.745
0.17661644721658734,-0.6849428731003925,2159.451
-0.2509728662726837,0.9695817245484903,-183.9388
-2.143868852835419,0.9951710525132849,-122.9485
-1.1068598645946166,0.26599436763499595,-100.7718
-0.5662591307510215,1.345327875990528,-127.9048
1.1288287335112503,1.0568315282416116,-228.6475
-1.0207753238573172,-0.0926042640894176,-118.8281
-0.9201519078560522,2.413668464452005,-190.2926
-0.9003412040527773,1.5691358406521643,212.8368
2.922633148879056,1.5684146180267942,212.4041
-1.3934698999719641,-0.10750801333482854,-145.848
-2.0115867328417476,-0.01928908257080341,-292.8203
-0.25793722975562183,0.7174548638984652,-43.25863
0.3216292919713988,2.0290795535519113,-206.9464
0.20943201476910953,1.1541624596584594,-125.4817
-1.5290710603441466,-0.7034332116103629,-176.6275
-0.43023083463529765,0.30276506053267793,-183.0174
-0.8606795146607018,0.40584054352852433,-159.5861
-1.1632358769944378,0.2822484665713891,-36.89968
-0.5868626099294412,0.00574786769211466,386.3267
-1.275798015349604,-1.2765945416182218,-221.0938
0.7945888007683244,1.2042943079463244,-71.47787
-0.0877092550365457,-1.3980300515532682,-108.6263
0.9368215307679705,0.2768500422517324,-215.9464
0.7180520459794808,-0.5010140508717802,-52.93328
-1.4372060494854897,-2.3284026960432436,-274.2433
1.6728004362781552,-0.2683856335123504,-74.14361
-1.0217981361081057,-0.802326504194463,-242.7349
-1.4774579549332176,-0.38964182603202224,-104.4313
-0.38769189169204205,-0.5306847324567364,-167.7177
-0.22591422291607915,-0.9090119440110279,-143.5872
-1.4464007375645949,-0.569960324997991,-167.9812
0.7274071353819017,-0.45679060601694416,-180.7363
1.1845599253949184,0.45670388604785306,-154.2718
2.945524397077148,-0.5134374515846913,-140.9477
-1.894753643364795,-1.6121673270625019,-54.1485
-0.3445730468748525,-1.5702343366098306,-124.3134
-0.7276592581398506,0.5403577839992664,-61.10808
-0.07787608354259544,1.1271783983031933,269.1412
0.25503264943860393,-0.4644089070256068,-0.9995651
0.39689674459644003,-1.3141113018957213,-242.6635
-1.2730227541707058,-0.9640515573908698,-105.6338
-0.3154269849985234,-0.11517063753916607,-114.1413
-2.3442630927136516,1.993905917462058,-128.8229
-1.5279400188721615,0.08369757516261915,-0.9469166
-0.3071584135876251,1.5603150849212661,-202.4921
0.7064779175355644,-1.0100902138746133,-199.8794
-1.9492056965601188,-0.6208489867128832,-118.0988
0.9038700045290844,0.32419929895426275,-169.6623
-1.714913817392141,0.42065574113221565,-55.65044
0.8051258048943313,0.9158883965190697,-122.6969
-0.7465265534468855,1.2551221348917452,-142.1143
0.30339820608015833,0.051955045377957844,-213.4625
-0.8483471477708293,-1.2821431576675537,-134.7123
-0.47692514419043713,0.5342547376003038,823.2067
0.8982378294937586,0.8242586108402861,-133.2146
-0.6992913138307898,-0.7981270383107673,2083.63
-1.9265134868528948,-0.23608495948900593,-52.99187
-0.7368000196853336,1.0675269398538194,-288.7355
0.1765967534217312,1.1878294410087897,-129.4655
1.6018695735823603,1.2621637645831931,-239.9265
0.12267403348112904,0.686003622597523,-101.6714
-0.37827126690347485,2.7219810836647778,721.2537
0.7369310442064395,1.9756319908939937,-138.5131
0.697144368953301,0.995948576177085,-99.53374
-2.2941791290744074,0.5370708085875427,-174.1803
0.2805581381838137,-1.167906967522198,245.0893
-0.41864709985702725,0.8656470913349572,-130.1693
0.8031865535354923,-1.0257553242467534,-200.1738
2.5220214435597006,0.7794380067070735,416.8332
0.6028929042687998,-1.1683797248886243,-182.9874
2.282240294417974,0.8552815098926793,50.08421
-1.6634287879177707,-1.8474088243584228,-77.12766
0.04697251228913574,-1.201517648144622,85.748
-0.5973180989009672,-0.2801521041855086,-203.0421
-0.7883211245278262,-0.8974358014316116,-181.702
1.718559340995667,-1.0213941520059988,-101.7912
0.856035814779798,-1.5376418913836687,-126.619
-0.8658392582436529,1.549526429928697,-78.19453
-0.9619172284284043,1.259532796764447,-188.0011
-0.5941229311793841,0.03071989202324631,-169.5219
0.4987764787706808,-0.2609127788424791,-191.0571
0.39065372123391096,0.4738286150624573,-78.7993
0.10549957965419322,-0.943052475883092,-238.2466
-1.0212711878731697,1.6860373041911818,-108.7515
1.0389872661180501,1.656018309014915,-58.38818
1.916622544949819,1.1971309274147124,764.6704
-0.1894742710041921,-0.8376606077390901,-137.2198
0.4137201334922166,-1.5874527997921783,-110.6717
1.8696226257293613,-0.12612098203914082,-134.9135
-0.826340562529307,0.5142613615507631,-141.5303
-0.6940465893969588,0.2540598176104289,-134.1623
0.9605436088141383,0.9201779438848502,602.6268
-2.0982177133872835,-1.598894162340522,-16.90591
-0.4360882230742439,1.815434646421697,-172.473
-0.15143619231542677,-1.5753124885880068,-27.04508
-0.6051725429085435,-0.9553474027178913,-247.1839
-0.32603126644935787,1.2079229285041224,-112.104
-1.5938082955291748,0.6662512745841928,-146.6364
1.0933449053837159,0.790721843530213,-102.5943
1.1716933773209182,2.268667860221863,-156.2876
2.4757937767213667,-0.22017938119905053,-48.36274
0.34720602677611734,0.2683314946712126,-212.8181
2.3852374993904286,-1.15556113616739,-203.9998
-0.8325418841331811,-0.5914700405199801,205.0717
-0.4326639883412177,-0.1102130761668582,-39.882
1.2239688693156132,0.3424954806411707,6.763885
1.7246687166523043,0.5354773348131066,-165.6108
0.9630667232272688,1.9172638354773117,-203.963
0.09595341894034096,-1.9950802672156818,-136.3468
-0.1539671274774879,-0.3790107051301271,-225.3786
-1.0085288317475813,-0.9949105247130021,-175.7539
0.6327458870326008,-0.3038564419469706,-133.6136
-0.6329501326441315,-1.110327996289134,-184.4035
0.5932447326582967,-0.636255843942534,100.5912
0.8501633035568442,1.1094386186358403,-111.4287
-0.33121120720984665,-1.9207483924760798,-228.4122
-1.0015132758949128,-1.9571907272661033,1325.911
0.8969573363372699,0.3710534278491556,-199.9564
-1.227413141227976,1.7716777832085142,19.57085
2.8329126494398302,0.5047454790328039,-127.4441
-0.9092511579480776,-0.4470155986553703,-225.9715
-0.6625900099410613,-2.151253590429501,931.2314
0.0887956248458446,0.6991468490266791,-189.3221
0.7384400847419544,-1.307538641879696,-115.1272
-1.2034274880882825,0.2889131217208207,-150.5455
0.18158378771276265,-0.06910070258331925,-111.74
1.976640664541809,-1.3461869317414503,-165.727
1.8313892714359978,-1.3304370650131936,-250.6159
-0.025397772220773638,-1.032307837294323,-269.7154
-0.2588762955212506,-1.5344649771559324,-72.72424
2.1905545187344044,0.34269886102812913,-438.3477
-1.6817642792654257,0.4766073075503159,-123.6008
0.47414373396935466,-0.30507541875787564,436.8317
-0.2844611165637046,1.228857407330297,-126.8523
-1.2414046345701002,-0.7920537649153206,-210.6293
0.2683122087369486,-1.1276976544036972,-232.3455
-0.3829832771474555,0.4958433589051534,-26.84277
0.9132529932165615,1.1295546613916396,-137.9569
0.2145717843230018,0.6245632932839082,-234.51
-0.47924684693605984,0.49812707153575675,-26.15849
-0.8339259246696057,-1.2264711369652133,-127.6121
-1.244922407288234,-1.3274564507960254,310.1692
-1.122671382424094,0.027591848093451776,-122.5543
0.05090616577157836,0.9470057674604703,-101.3362
1.4881192526856437,-2.028433603653415,0.2240219
0.8610243606522098,-0.7520212646647686,677.3026
0.9586926074353389,-0.1408172745066009,-59.1556
-0.2820730035552308,-1.3159785037562945,-173.8483
0.019533873166057536,0.5417881478904065,-135.8749
0.817303553302539,0.7058086904305629,-60.59093
-1.5320084581756694,3.2759473774263532,-170.5664
-0.7387516797110858,0.5377770264293199,1066.154
0.7372667048602418,-0.024647140209347614,195.6752
0.24737049533234298,0.43874422864985013,-162.3258
-3.1441666089187392,0.2155949937245584,-57.48592
1.0504626989301151,-0.7272650312737983,-173.7313
2.283629545308203,0.2967950446452464,-193.8267
-0.2867278917158504,0.4016664507199902,-155.6247
-0.5881363847492781,1.177357201015282,-34.14913
-1.2987479203358283,-0.902032680453733,469.2393
-0.9666705580628556,2.2889269578938998,-109.9266
0.51302699709422,0.5367824775006493,-56.55521
0.3314772711552571,0.32223311397433807,-30.99618
0.8249237425001649,-0.7465431138516543,5.592598
-0.9574411759527983,-1.257278454765422,51.78033
2.115779226123884,-1.9779315062010392,-171.7397
0.4550016191024126,-0.2827600967568336,-162.2893
-0.19453998020182445,1.8350605687674544,-153.8676
-0.20168304972699888,0.37713247562905555,-92.83362
0.13210724494508244,-0.5508607821549423,-107.2664
-1.2738978356829556,0.538921944696689,-215.2832
-2.3928039475868275,-0.12967642437551558,-374.7094
-0.12242753855545235,0.3011850099496136,-302.5648
-0.2947473673872383,-0.6009474642889142,-201.2486
-0.14251298173708202,0.40009884377302884,-88.48058
0.7682985751831912,1.8253038538608137,-58.59674
-0.15189701503210998,0.028476904052984014,-192.8401
-1.5584319913987728,0.5007199419219254,-288.078
0.7089361795831016,-0.02510971827180117,-244.2715
0.5249100595907813,0.8230297185122645,-161.4434
-0.28719471876987535,-1.7079026005117854,-249.2833
-0.970243146603311,-1.6627969548138923,-120.0549
-1.3825541894932516,0.630294747805126,884.3834
-0.9681126266327429,-0.7027561487399065,-254.5873
0.467825504766844,-1.6620883571719336,-127.4639
0.09827993854364986,0.2900546538071788,-66.46812
-0.7087241130089692,-1.3658976843019413,344.5777
-1.6608992178470634,0.07404558085139851,-156.7106
-0.7653220796200111,0.19534770852243175,88.02446
-0.34728084022171457,-0.19190384199291663,-123.0254
-0.700900982772088,-1.486724587136292,-85.71991
-0.9669709192516502,-0.37515971771940515,-178.4151
-1.0987220022044528,-0.5769618487227565,-104.6542
-0.8118608575826316,0.5838785368362838,-103.5032
2.847640626982723,0.34061899590229117,-208.0078
-0.41261163725762956,0.16879400537569406,-90.8628
-1.4494365026565825,-1.3112453030195899,-142.6301
-0.38101032098402027,0.6063894250904192,-134.292
2.063603678662706,-0.7216522116757247,-128.5154
0.1333209962654628,-1.2121656239093286,-138.0189
-1.2634373204447968,-0.09187537029863317,22.2108
-0.0015199947890841442,-0.5779974592734164,-104.1315
1.6121438216294608,0.6715704827398855,-166.4861
0.8996907255505937,1.4504676295213146,1933.574
-0.27237861756633597,1.8749237080265668,-241.6396
1.6644728225846268,1.4980854663175678,-137.8426
0.9089161249987561,-1.5369038135882267,-80.8729
0.9348602122834306,-0.9317772287919329,-238.5381
0.13104992003522237,-0.09744706130063165,-97.80221
2.208416352912532,-2.364852817676703,-100.6647
0.7195429939689444,-1.5146488290735725,-89.49301
-0.26913779909978935,1.2858816382172167,257.5979
-1.1222344522123622,-2.7034084148849487,-25.87729
2.122106530118131,1.777213442266734,-137.3513
0.15215848268221216,0.20793117925553523,2235.26
-0.7330256470037124,-0.7942725516235897,-136.9332
1.2726726796058696,-0.34056931539813257,-174.7445
-2.037538624220964,-0.864150367756323,2023.917
-0.8105994226787979,0.4657732933848585,-190.975
-1.6685942076574474,-0.13241055895060724,124.5641
-1.4700782663851284,-2.16434901587789,-200.2361
1.1912213275322245,-0.6562834919344496,-91.67211
-0.6822659880584544,0.5092440046443012,95.97448
-2.849914163045017,0.7558975643265222,727.376
-0.4079204273979512,-0.7002336334706333,402.9098
0.7692842590531023,1.0815542217145264,-153.0017
0.7177849998675204,-0.022523188798400345,-174.3301
0.7903918538579124,-0.9429179999849607,-46.94389
-0.03795082331830929,-0.2566278044060355,-85.65114
0.03769111313203865,0.6861749863011185,-95.90317
0.8420499484556361,0.30189698871589066,1352.474
0.005469020256984502,0.29023617829964987,-316.1528
-0.8357167583361733,0.644245013569501,-110.8827
3.7006445643534245,-0.781318214422942,-139.6905
-1.0871108038310282,-0.7209998706000439,-44.71901
-1.688626740090955,0.5322434498462637,892.5104
-0.6649916494626128,2.1566033111969283,-117.739
0.7405712253114112,0.4776052912605318,-69.77267
0.2993935695700288,-0.8506934773076924,-179.6961
0.6485955967851501,-0.1972954161391899,-181.743
-0.33717029414030014,-0.34351220284871703,6815.947
0.12762926800702035,0.8687704454430255,-267.7077
0.25428727971979437,0.46254172171973534,659.0342
0.4523781304614224,0.14182590299596518,-199.1606
0.5754379873726403,0.3117361235527325,-66.83379
1.2418477779524515,0.28547175058764884,-88.53198
-0.48762119798286213,-0.031080699861395705,50.15782
-1.3895028825376439,0.2566999261496436,-325.6371
0.8735486567376759,-0.3322324485787497,-119.4156
1.8887044820609364,-0.7573780567743919,-233.5285
1.1250591229013969,-1.5010347379281115,-64.06944
-1.5393526162444207,-0.011955882972481246,-170.7788
2.2470202035587885,-0.9791887242706895,-294.6675
0.1344019168601342,2.1496084794644883,-211.2977
0.1899865078195304,0.3404811810318789,-220.3342
1.1679682656223562,0.4441640219584937,-190.3108
1.3591848094000596,2.3628175219657455,-270.9901
0.1963456692653219,-0.4135858531090861,-145.3716
-0.47518057937462693,-1.3531860452796431,-212.4233
-0.10070572473445175,-0.4498738219434428,-201.6236
-1.278533800080035,-1.2444781694536051,233.1277
0.18477701502697216,-0.9519512467098209,-152.5138
-1.2624136381500344,0.7974609698332635,-227.5545
0.6377911664260393,-1.4497373504528535,334.692
0.09070204768967328,-0.3935225970046889,-102.8807
0.5474652385841361,2.113529431858458,-317.3306
0.3512859660878159,0.8318620699833271,633.2963
-1.003637901293253,-0.1207207332844972,-84.43562
1.4508254947981605,0.20326373944503404,-128.1574
0.5979830767796221,-0.5061019488937424,26.87438
-2.07124431612313,-0.2837851903089326,1034.177
1.351456861983736,-0.48679599106184906,-152.1065
0.7781924944811075,-1.5095379203295682,456.6961
-1.5817892073901112,0.9444329561483128,-210.1391
-0.5493742273121884,-0.27750839476290046,256.8721
-1.1707689534392318,0.981429604845074,-275.9049
-0.5678281893231166,-0.7098566555120698,11836.76
-0.8080651860889448,0.6140991312586305,2312.672
-1.4068913989615024,2.1212156058490192,-250.1149
2.097314580207684,-0.0800210206432909,1007.798
-0.24853598606544255,-1.5737346019117056,-181.5361
0.5882524600373764,-2.3714688063473073,-167.8333
0.8225463710251074,0.056829524716950686,858.3273
-1.1856396625940877,-1.4516846639037186,-97.2087
-1.1395520324336461,0.42492086085751335,-69.41503
2.0627613664891054,0.6301380859462914,-36.00269
1.3725969135683176,-0.7699766244888836,-114.659
-0.5163977609587238,-0.8775166667634409,-124.9302
-0.5748146645633373,0.2566575119110899,-96.18061
0.3792228845724091,-0.12695115502782342,-186.1068
0.39224313449112824,1.670201442445349,-137.7673
0.20537418824571205,-1.4755308282385933,-103.6156
0.04112375630178388,-0.388102680430614,-113.1841
-1.35041149946746,-2.5751919919707627,-219.105
1.1622061639286898,-0.6943541166288503,-84.66515
1.0402613622337613,0.8530148229559534,-236.701
0.6613945242902828,0.8524546704224769,-217.3941
0.5439846093530348,-0.6365680419241556,-119.8449
0.507654186519691,-1.5773183058451943,-189.7531
-0.7325973197619953,0.3104256467571998,-113.5659
0.07727976943330502,-0.9135285674368846,-95.74345
-1.6611674532944847,0.04273948041441352,-243.5705
0.2967235711533684,-1.796802490735133,45.56242
1.7380610665762135,0.658328462560084,-181.652
0.7734705219725656,-2.1527455162848046,-128.5281
-0.2577786463877173,-2.2018685007898404,-117.5368
1.2164079963834984,0.3420110585563958,-94.35818
-0.5695380333542583,-0.059243071727944005,-181.0564
-0.7790111076830591,-1.113560588460776,-115.865
-1.488395989193885,1.6027357557400623,1502.136
-0.6816844725379765,0.33690966993667837,-171.9158
-1.370924425857535,0.6895885229563449,1978.534
0.23634087214958224,2.241032099439054,-284.6849
-0.6086732739552922,1.1963766637056288,-166.61
0.11457447421630242,0.146810198447445,-129.0667
0.9823607154383698,-2.66937129085099,-175.2335
-0.8578628416940988,-1.279860894693066,-133.4843
-0.09815869453989781,1.8622583014148886,-69.30229
-1.070644304980012,-0.013907204773962838,-184.0812
-2.627074010010119,1.186976046238259,-162.9117
1.109742515780636,1.5068005769338106,-158.2067
-0.45370470276937747,-0.6652738629364632,-154.6496
0.061579809329733295,-0.3405569138965438,70.84916
1.3156563314905927,1.2293138040324336,-78.79272
-0.985998963046727,-0.4118584741486181,-150.453
0.6987164669875601,-0.46948449493903854,-128.682
-2.1995803522356847,-0.8645339763774763,-282.1163
-0.8223654033851596,-1.167242724864727,83.5312
1.8646775709490198,-1.1383253828382904,-178.3763
-0.6955425236069952,0.9868206202966732,-132.6093
-0.2300807062917518,-1.83116672235546,-315.7758
-2.0691005996541016,1.7826860312768358,1813.521
0.8248668471877159,-1.0752657819169853,-106.5275
-0.5859156979857983,-0.9775539729223991,-112.502
-0.8628207429242986,0.8685152146003089,-196.9378
1.6719397129513653,0.06074274288512938,-260.8061
0.3648231885125996,-1.9748177719887487,-156.5054
-0.6393671282637087,-1.1475958758320801,-226.7271
-0.15421093683925569,1.3263576842076055,-111.1437
0.7603113821095451,1.653457289686004,-194.4394
-0.7585368517702654,-1.4516704418234179,-106.1542
0.455931504153947,2.324008035580631,1572.128
0.6440930417438367,0.7088758233614244,3307.733
-0.5748751758889385,-0.949554060783315,-254.3219
-0.6841064482484414,-2.60881663846535,-108.7831
1.9378421015126561,0.17548267221135952,2253.586
-0.6497622501546669,-0.8756037873013238,-169.5466
-1.2451737650804302,0.24655583509798107,-55.95573
0.6945655532121005,-1.0097333856210164,-145.1325
0.438841482367442,-2.0366668600486326,-202.4642
-0.41628520717164347,-0.3477161802003998,915.7985
1.6688988901832484,-0.14898546148495195,2830.335
-0.9088685685116685,-0.699895485625536,-271.3048
-2.891421084597697,0.481231847141223,-198.0601
-0.0015925010836967456,0.25890947444283674,-180.2201
-1.0986062371620537,0.21817133584444867,144.3967
1.2424192573888406,-0.09614021871757614,-101.552
-1.070949779438951,-0.47747125859016376,-193.8398
0.10094838879284637,-0.07262360543661689,-224.1328
1.3264615311789305,-0.6626139891707735,-111.3157
0.049128972266159754,-1.418817831755897,90.56604
0.04552407404947576,0.7581038386305379,-87.58365
1.4018789990381262,0.9214283820851562,139.9501
-0.17572670609764085,-0.22993634155967999,-188.453
-0.03591648305376385,1.42588136540208,7.391922
-0.9241169950823146,0.6936799282734507,2569.403
-0.757472473417294,-1.936892532005908,-99.16615
-0.6815860777641046,2.765747702218707,-101.5765
0.3926095946931985,0.9963017011009259,-220.1274
0.5224782574382303,-2.2983051308974027,-62.71769
-0.6358375648941963,-2.178312280021356,-215.3182
-1.0498911706297043,-1.369537598784562,-124.2553
-0.25648903541340423,-0.2644936876945794,-99.90292
-1.0622812099066086,-0.12208638052613925,-102.061
-0.6213592810852154,0.2244879520069571,-85.47148
-1.252179868043329,0.21514631628198966,-50.42289
0.5074342322551669,-1.4118530898113903,-141.9381
0.7461920060704619,-0.5148866135956959,-86.93716
-1.9180584212569751,0.8891642622173274,-98.9925
-0.9132318320227797,-0.06583460651860727,-199.9545
-0.2530968202741295,-1.1761370092352876,-141.6016
0.5916610905578292,1.7793702316526683,1462.736
-0.42475245995993394,0.5220181157575415,-5.660934
-1.266181108807312,-2.8043163234148527,-129.8212
1.197087882530536,-0.857446651031925,-97.13
-1.6344258842087447,-0.5156692013432718,-124.9794
-0.2127828164860441,-0.06847957398739674,-132.0265
-0.8282465731966715,-0.5883703061212602,-127.5975
1.8342981960580516,-0.22952900594281267,-169.0231
0.9233494741840186,1.5255741537139595,-165.5771
0.002732572876394432,0.5410937131484344,155.7364
0.7419813265955554,0.5261376231902177,-48.29412
-0.8565351694387553,0.1760359725863437,-222.7863
-1.1993343484806824,-1.3880444286105174,765.6735
1.0929318092597518,-2.0433171386566187,74.95191
-1.8621049307236721,1.270855989235918,-190.9984
0.6974106741128017,-0.3682623660442416,-107.041
2.595479610713736,-1.3093588405710292,-157.0712
-1.3166382757765194,1.5951885516132647,-22.41681
0.024368073423872004,0.5159115132308721,-58.91032
-1.6547971345014318,-1.163962559963767,-144.3032
-0.3544294840592874,-0.2376615406098609,-152.5666
1.8216510945630706,0.27316302354423005,-45.21018
-0.03494054791888592,2.9629609133910484,349.981
0.08332984378548103,-0.5700641811530002,-178.1459
1.496039666495234,-1.401101298563254,-306.9869
1.43008481491076,0.14335375666281797,-181.7043
1.0627053290236446,-0.41983461928767596,-189.5368
-1.6850279119099938,-0.720561091484282,751.8491
0.5277000351241581,-0.6843869767621762,-169.0989
-0.9428145215169343,-0.07498461563494585,-222.57
2.778813854557345,-0.0822042081729047,-198.3857
-0.5166322829470801,1.0276471164380192,-212.3748
1.7153537108406935,-1.744242703955519,-256.3333
0.9077664431330557,0.12427070241560628,-86.12065
0.12167151356802659,-0.4884415072047077,287.4028
0.7048501852700345,0.6617338421970241,-99.50011
1.1565420619213138,-1.8004356573214466,-168.4147
0.42842845041184,-1.5728919503845733,-95.7208
0.8695898441963218,0.40959519026217733,-172.9996
-1.0526969096145484,-1.9059448946598894,-151.0261
1.4474781175511622,0.9053664149853954,-142.5895
-0.2195615571472582,-1.0147652598335453,-36.09282
-0.7108271024944418,-1.5889727203573414,156.3721
-0.19259207592011962,-0.7793920501143901,-128.4324
-1.5475148785255572,1.0003186422231851,2192.473
-0.6466262745865119,-0.6456270075865673,-238.2377
0.21933582732921164,-0.19845073924949544,-247.5213
0.041418058733887694,1.0935344129079232,168.5767
-2.1641287821726216,-1.3490823966225776,-126.8458
-0.4784289440655891,0.9198856395975342,97.05664
0.364532402163582,1.710330003709281,-221.678
0.20073249387301872,-0.6136699768514694,-150.1627
-0.024959926401053517,-0.3065362969224373,-197.545
0.19811589069015792,2.615678423882192,2941.917
0.8327572786649712,1.1389510680153825,-115.4297
-1.2497607372094095,-0.009437865839214698,-129.0963
-1.7016353059707956,-1.306219641197711,1449.44
0.8195864134496741,-1.3960652431162837,-169.5997
-0.49115585282193697,-1.0623716435195478,-140.8468
-0.34072194493461055,-0.6843209180832648,-133.6078
0.41537203044317544,0.7926460935536395,540.0924
-1.1125346005308636,1.5342664380568285,-118.5562
0.1665281355852513,0.4883734341928044,-56.75651
0.06853953180974029,-0.3491629612471997,-152.9149
0.8585648676833827,1.0936852920348479,-223.2319
1.501199601701642,-1.3439445037331479,-138.0737
1.8768086917285733,-1.1052336956935682,-187.9208
-0.914313394666558,0.4116094726653414,-170.8168
1.1378211723955092,1.0037758445148546,-86.14461
-0.32202460168599417,-1.496956016722066,-229.5166
-1.3759676789464566,-0.8836317629932122,4705.695
0.12884824815749896,0.3285101103262632,-172.1517
-0.5050596013023237,-0.35940382259024567,1941.664
-2.9835762379354525,0.7727906667246636,291.9888
0.7056888774171708,-1.9269307103841653,-175.017
-1.065127812852444,0.43110064911068713,1158.749
2.367598929634813,0.2507622177370193,-88.63858
-0.7069838659633148,0.36435475870527095,-35.84957
1.8377702468805182,-1.183574496798107,-69.39658
1.1623440485654255,-0.38028561300807084,191.118
-0.9982191504893536,-0.030829513023997546,-104.2332
-2.207018833836367,-0.14848984130945128,196.9879
0.5788285547005854,0.21479493345882233,1056.065
-0.1765707798982486,-1.2083364351354968,-123.7806
0.20324087897442042,0.28744410110501084,-147.5151
0.479334098642988,1.3288726801025832,-0.7714539
-0.5412816695671993,-0.3154299220615978,-142.4313
0.7243024880641799,1.484223545531616,-110.9678
-0.4372808745775661,-1.4779428187420618,117.2732
-0.27335468869817087,-1.2873733707271933,-119.4103
1.6015167206156242,-0.16223050083812676,-146.0791
0.17756774982985837,-2.2724534757524255,-123.5715
0.4511778555040974,0.3513854754677451,-116.2445
-1.2216613349279424,0.7255420013734419,595.915
0.5975732915264628,-1.1688697545585849,-196.5984
-0.2903537294000795,-0.2877345747888786,-157.4506
0.7954242779910154,0.24016765103896315,-155.469
0.6145749967656138,1.3205065140580996,-177.6386
0.005094294517604795,0.8124738367665678,-211.3842
1.8631252209782192,-1.9767766283946226,-101.6952
-1.9969191955194885,0.325032330380243,-98.41734
0.05215212395480851,0.5785003654826351,-85.82137
1.324358539200546,3.135405963294138,6130.528
-0.07046626603881861,-0.8984408386592361,21.20156
-0.15620169395105477,-0.000985626105622999,-104.8505
1.9482255720003516,0.11017036802596523,-88.46769
0.3025077965486211,-0.9974432971443754,-85.86085
0.9557928621308135,-0.6198929610265648,-203.3558
-1.2513917241768577,-1.0848843056217499,-39.03809
-0.7339488911749581,1.2585843258548282,-225.4248
1.3789101834005553,-0.08544390845120545,780.6243
-0.4241265604940097,0.1825970840310562,-108.0346
2.0547175010478327,-0.7640499708318931,-183.9689
-0.5422590833663804,2.9063274598783426,-153.5031
0.3655226503611474,0.16330475449366944,-321.3816
-0.26534182273061013,2.5844425468133023,-280.123
-0.5209840099587444,-0.833219726850748,-147.3906
2.8626725400417046,-0.061657546676693056,-84.40539
1.7638399247702214,0.2410801568426729,-141.4853
0.3707065575284018,1.0851870921577536,-153.8531
-0.2218312454265073,-1.119248280104325,-214.6304
-1.1109351656341067,-0.34234567534093047,-76.35413
1.114606444809358,-0.5890799335088219,-176.7442
1.4830836423449378,0.16914538337181462,-195.1443
-0.7961562287044923,0.23819420348161308,-236.4171
-0.6224124881831398,0.6905151977663183,-150.7333
1.9535262541345149,-0.6292209827985241,-134.7252
-0.29050905904558627,-0.8167997179915218,-16.8395
0.17627176127459768,0.31070648947246426,-86.97498
-0.8273115829666834,-1.9833346238029654,-212.1255
0.5450918397792315,0.07043523111341768,-140.067
-2.0307015943755315,-0.8749092976664155,-135.0248
0.8342740403368628,2.1976986465563515,-351.9051
-0.3513466060136932,-0.15833351046730143,-176.5492
0.4119387862618578,0.9865235547490111,-94.65913
-0.8374489808547827,0.5981582902920549,-138.3509
-0.646940113378734,0.31991482377628366,-232.2314
-0.3354219448271784,2.079222242998169,2263.088
0.05297213497025835,-1.8516464276058608,-118.9528
0.9971012625647221,-0.7303008359778612,-90.72459
-1.4707111286589494,-0.05705637664766669,-203.5141
-1.020746293130083,0.07061086265190145,-201.0554
0.1998841562214978,-0.5718513128754862,193.6296
-0.8748200125441877,-0.06700239251091819,299.6712
0.21936673887114536,1.0388904644600079,481.5059
0.6213790413645108,1.098514597817097,-185.4748
-1.660950752705596,-0.4067405753504832,-130.9023
-1.0266435947913009,1.1129255847326938,-222.5185
0.7742941160609123,-1.0639257307341552,-189.4935
1.4372499090502042,0.720234348667774,-126.3817
0.21009545126803825,1.1514148829603943,-88.34357
-1.0024853339381448,1.7459369923775603,-167.0787
-1.7336002735566038,-0.27891717119983567,-176.7063
1.6695845812667292,2.9928520675789327,22.64571
3.107221563868237,0.45841563732911444,-212.3956
-0.05002420363416765,0.030539334603346617,-269.4355
-0.4208772672300972,1.7193658274763903,241.8921
-0.4370529866290789,-1.7359622472245206,-142.1582
-0.24261340608652038,0.6555953305400454,423.8944
2.1837397036065287,-1.6151767463292301,-56.54308
2.292847905728325,2.1304033481600264,122.3374
-1.0980368606520527,1.014343389946582,2415.39
1.196120019365215,-1.1079358756892133,-165.9301
-0.5326675366535739,-0.470540492204516,303.0573
-0.5884708879846483,-0.22051652506001754,-207.9969
2.864535566265499,1.1547868123156733,-77.59146
-0.35787541136668316,-1.1234807386705277,-190.4826
-0.9234260241939735,0.6015445461551673,-134.7784
1.4614707372027955,-0.6485851817959155,-53.55711
-1.3361639117464026,0.8066707215531196,-230.91
-0.3924620084492575,1.4435960572838893,3283.316
-0.21938987245330552,0.8128224647236607,-84.05418
0.636311280340407,1.265793489797844,-136.1832
-1.7205392424361234,-1.0656402962290574,1404.57
-0.39060075173667036,0.13123794261677693,-82.18184
-0.8366582242673105,-0.5497753123440594,-294.0974
-0.08055307299543832,0.1702970881839079,-74.4483
-0.6287412922296125,1.459317610529561,-79.58544
-0.10417295187468723,-0.03984590702433747,-149.4919
1.0958785071421024,1.9416536355700864,-38.47461
1.2852251558592904,-1.983926218518072,-240.7899
-1.1581359950965935,-0.4980562754100143,-120.757
0.6707820332702035,1.2163591508423752,285.9565
0.5158024475777807,-2.411245880123245,-269.3193
0.9964801871034771,-0.20055884105834842,-119.025
2.1895601343988953,-0.8335316501182087,-223.4587
-1.808292751653113,-1.1971462657743148,-109.5453
-1.376371101846726,0.8840581763427531,1262.133
-0.8414129265482483,-0.26352746902083424,-153.1672
1.6168446018365787,-0.6765870699497967,-290.4841
-1.092768211466907,-1.5423802188149864,-135.7871
-0.7487801746958322,0.521851631516461,486.7594
-1.9272274744452578,1.8028383187172217,988.7849
-0.9232968093200055,0.483422322588911,-88.17469
-0.763292330045052,0.382010640205899,-102.4914
-0.6041349310444721,-0.7720768070157423,-186.9975
-0.8432328796174517,-1.8213239881545857,-150.6474
0.1496483287854695,-0.6432271200666807,-60.11662
-0.6454334277537638,1.177842433757759,30.00058
-1.6217152114424143,0.6082915959556413,-158.8074
-0.0006082455896770236,0.5787427765346154,-199.0126
-0.12514897217582344,-0.7006078058360096,-150.0077
1.6171850497477442,-0.02030769074633053,-197.0757
-1.0398935709375998,-0.2860687502508848,35.79765
-0.9670609650707043,0.47459565850189817,388.7087
-0.25470042014257893,0.4683691130448953,-200.3622
0.6631487796586812,-0.007203827808146788,-171.0115
-2.146615120830207,-0.6877316613257957,-107.2921
-1.4292556138576857,-0.2647840606350804,-300.1691
1.9255039208453266,0.9780451484536589,49.32295
0.4430855290394063,-0.7521295543215296,-157.9402
-1.4753385244199417,-0.4736346229815708,-146.8279
1.1595419469670971,-1.3939197500820295,-104.8972
-0.13990108685520158,0.4052399774313208,252.309
-1.2491160277828544,0.24595106315810802,-62.10054
0.9927942939524343,-1.1626888146587635,-104.8305
0.19373706825620715,-0.43412152737317206,-106.5391
0.3040463351096158,-0.7269268043129493,-273.1735
-0.1115347028201443,0.4076242022438257,-171.6794
-1.0438945396373807,-1.2975029334893178,-191.0003
-2.7632253424406548,-0.9314316658107256,-158.9504
-1.0429527696558896,-0.8916730235042498,-178.3262
0.28063718906243557,-0.03266065770373158,2218.525
-0.3468427297247476,1.1385793414782561,-163.5117
-1.011814596015972,1.6284863423635367,-178.3498
1.9807669709937272,-1.4034391795366576,-197.8185
-0.7275924073499005,1.219323283271553,-103.1945
-1.0140223236605297,1.8347058983001547,-68.53428
0.7499146399390068,0.7722355579020728,-186.2631
-1.7626589994923252,0.921517893345611,-71.86787
1.0062694743717286,-0.010350960742908248,-278.9258
-0.7410208010882741,-0.17818663593635478,-208.6448
-0.9410768806480646,0.29181398322930985,-246.9057
-0.7216783911183635,-0.7723098925372688,-86.48
-0.6838131075621972,-2.0817912372860112,-65.44305
2.54507902420727,2.212423658215503,-138.6008
-0.15259252496666678,-0.8992576913878758,-236.4821
-1.0025903324064898,-1.7250564590352693,-93.74451
0.04633682203788408,-0.6127634289855547,-228.5086
0.05013789008300026,0.07476735201587716,-212.2864
0.7967516292977576,-0.9555110448827651,-97.77975
0.02404178174418655,1.1296067577023028,-211.1587
0.2518602449903472,-2.2771083942107087,-209.9138
-0.3266386307851006,-0.35645278690664,-72.80856
0.8019975099511947,-0.5864976369389376,76.08434
-0.32283350382067594,-1.4979808414167397,-129.1112
-0.030033310759193372,2.443149222248132,-276.8601
-1.156613428858605,-1.0389965275216584,-214.4809
-0.2984486923703794,0.9911067906652886,-228.161
-0.6099243537268714,0.7875410548093675,532.5079
-0.3469502631657045,0.6148076877698205,-210.0101
-0.6628405177120079,-2.1159273256731153,-48.18975
3.8461592696789366,0.6109241836682736,8736.939
-0.49434012449935616,-1.2749429544919209,-180.3664
0.49809181350655124,-0.20890843535747852,-17.98066
1.2362395827677666,2.0114430529521785,-139.1055
-0.9065008261262111,-1.2155181734488623,89.86646
-0.3227951268551698,0.38128448020930206,-232.0285
0.6100480053514741,0.7666750085841019,-254.6669
-1.9109026365484874,-1.074213610892342,-63.77556
0.32045169913802257,-0.25036867484674524,234.5838
0.6628318783713906,-0.7686673543923013,-176.8253
1.6510343228433702,-1.8833934725486021,-115.9143
-0.9209365537515245,0.4608305793510969,-184.505
0.9793975866654188,-0.9109080465547638,-71.02826
1.0016179900015243,-0.526327919887161,743.4996
-1.6824160413098566,2.573827287531603,1087.56
0.13187106698708329,-0.9161900739902307,-180.136
1.0267437647975346,1.1211487494704566,912.8885
-2.1137155583978915,-2.080318199691323,-164.3724
0.46560750199269685,-0.6092876943429202,-78.03491
1.683978852113582,-0.9482033704640537,-223.422
0.9163152919745577,-0.7006644334280836,-116.6901
1.1661019740895937,2.243924850591889,3650.431
0.631912396628997,-0.7604166493234467,-117.8005
-0.2560990463215549,-0.20973246720106337,3229.4
0.304406091877146,-0.391516228369538,-130.2027
-2.348563271868507,0.6836430958896087,227.2166
1.3773300023556547,0.08431485771901484,-142.6652
-1.6367473246520716,-0.20143293803394824,-91.29572
-0.08270621612828201,0.24494695162876037,43.57637
-0.3107107362585103,0.19795775371709848,-122.861
1.1560152841865439,1.675490250705317,39.24083
0.2710483365385681,0.09747195894011693,-196.9522
0.13723417382441505,0.9933564919462884,-156.5449
0.5572901463264905,-0.41190410282599926,-131.7374
1.5362561492714102,2.094326195113135,-76.62936
0.6408988864673756,-0.38839973024191027,-203.7137
-0.9523624534245811,1.6743712613919037,-70.31544
-1.7741156904915822,-1.1285375107937465,-162.4485
2.1691337986695225,0.5725396821659002,356.8141
-0.38261233827115215,-0.05051446674593471,-189.9269
0.22439953565486195,-0.6972068558528122,-272.6668
-0.374428324439718,0.2472261066762757,-245.984
-2.2908289140440434,0.8981469833602109,-322.5727
-0.8398089192072677,1.2572840845765898,-94.06834
0.21099478881719785,0.18792841511907232,-176.9572
1.0989979528463338,-2.0368033403620824,-204.7086
-1.0997738130592045,-0.49099303366930463,-73.42234
2.152570112052559,0.7625488715950887,-115.0235
-0.3672272673367632,0.8580636103666124,526.7823
0.26119416173889665,1.4542776929973413,-111.7402
1.733355167434237,1.5451531873831665,-46.61034
1.2071473136236563,-0.23549563597471124,508.5929
-1.9513907799573011,-0.43922814771396207,1217.691
0.7241847430387269,-0.6928897687978247,1226.915
0.05775395223472529,-0.4352816969365108,-23.78927
-0.07819975805512762,-1.8901253996872702,-300.9087
-1.5948938203603016,-0.9188675624560044,315.4863
0.48444313616057927,0.990354030564722,-14.03329
-0.32442386821906427,-0.06083527714316408,-226.024
-0.5683725638260521,-0.6517788918381033,-341.481
-1.586695250061177,-0.014510689424806987,-55.78052
0.6727015215228628,-0.14425035901567565,-56.23565
0.8037855722048513,0.9160836179642547,-257.2939
-0.23986381971583667,1.0733951388398508,-117.0774
-1.1090144384531697,-0.8603078278407188,-223.5085
-1.0248618040885022,0.5189404557754735,-184.9852
-1.0544729194371512,1.941268913852078,-44.43716
0.7118935475629147,0.5656356488742884,-223.5363
1.7125573416238316,0.27482274197279183,-133.307
0.43641777864483045,1.6442921587457497,-56.4351
-0.4328772074013654,-0.2618484336280737,-83.9176
0.4470595684628028,1.5398361025171388,316.5802
1.2421073219019312,-0.14766339559656194,-144.2055
-1.857579378173113,0.5940618432228394,-309.1321
1.0817086916825602,1.129392220589346,44.40494
-1.1973936358761437,0.5741310699292896,-155.4472
2.2389801195663024,0.6220511987429946,-166.4709
-0.5228161700856464,-1.6339961944314618,-180.9237
-1.226292233209905,1.6777812805573067,-233.7272
-1.0428904354804087,0.22362173886122527,-219.1412
1.2681081079589,0.391272351273594,25.2234
1.23200166806121,-2.0908887679528596,976.9355
-1.1475067819258908,-0.45457297801624236,-191.1626
-0.36077336734590104,-1.3711031607887953,-176.6977
-0.1866915672363092,1.024727327744629,-192.4324
0.6758276112425567,0.6024799538707147,-177.3791
-1.1173019773047321,0.7369967098905079,-117.6417
-0.25278774376853624,-1.2659277656406982,-257.9357
1.3693693149673234,0.46859106484851515,3.480091
0.10226402393374809,1.0204109464140263,-188.2807
-1.5734428432604997,-0.8418194521561906,-118.4485
0.5582742441858227,-0.21429327801451892,-247.2641
2.0548833161590316,0.26405805230941937,-206.4714
2.4487908123130606,0.6235006924328198,1.223503
-0.11819724442770721,-1.2341666515494334,-272.5641
-1.1991489542248548,1.4486008460159354,-178.253
0.773661457297891,-0.0542333332433967,-206.4113
0.8467523542814168,2.203410612422229,663.2696
1.2474909591238206,1.528715585085926,-76.8504
1.1623057415251652,-3.3995406691217824,142.6878
0.4663683390074149,-1.726871112809472,-86.37968
-2.553512238534403,0.47589969487484524,72.80318
1.6653491839674697,0.43807589661397806,-100.0513
0.6850267741091218,0.32251897191176254,438.1214
-1.516698818448857,0.29135028222704396,-65.9515
0.9517764887874319,-0.42024510452927943,209.6829
1.4095671431198995,2.728602750576546,-114.6641
-0.3510951804252834,0.29214555480874466,136.9693
-0.8712580940321393,-0.09830794435126806,-123.6748
0.37185715167624056,0.14330761480947052,-104.3161
