-0.3640902496494811,-0.8595605847388174,-113.1181
-0.0919673296406816,-1.3829832672637676,-78.25587
0.9226918874482908,-0.5470952517411709,68.98892
0.439860001033914,1.1244384879950236,-32.36135
-0.3909171090655975,0.3444248011169619,-158.4294
-0.42446796514358204,0.039448382614689075,-59.45166
-0.37777229664526857,0.5237788465681118,-87.73029
-0.5248808339723078,1.253094665991635,-10.24376
-1.2722871505450135,0.3728661538499777,-92.14516
0.0869252113311376,-0.8930217645272525,-171.6108
1.193418823468496,1.5115022324403375,297.6039
1.8300377765953504,1.3298273392143571,-71.16226
1.6421446058184908,-0.6816428351981859,-71.51563
-0.6474961845209228,0.17184079409257352,-63.31113
-0.8793015321698769,0.6220865999984265,-199.2959
-1.3730655633586624,0.40103945921857537,194.2283
0.03677584694332363,1.4618311633434358,-79.12801
-2.603872271108589,1.5402080262040263,-106.8447
-0.8267902301479976,2.1526781535428094,-98.44215
2.9851893900395137,-0.6854178277072045,-23.16379
-0.37853994375455574,0.96238296083996,545.3625
-0.9741891479749321,0.6400507603572357,-38.2149
1.3298643988645311,0.14062896915760495,-30.07542
0.4013403476658691,1.2635029202743568,-148.7593
1.021296645175764,0.3086791918659508,-82.58391
-0.6001834802487661,0.45452203572577604,-92.83999
-1.0693760715223117,0.5430652129125055,-77.71465
-2.297385925331478,0.5504565408031982,-112.4755
-0.8980343620722695,-0.31456009447123756,-75.15408
1.433961921800929,1.2791223377770828,73.35754
-0.761535591771109,-1.6294549775008513,-157.6468
2.454754619106964,2.3511638378847826,107.6482
2.002928009190421,-2.2137799064144166,-14.52244
1.2296427237217638,-0.32418472614115107,-86.1105
0.9240434233355429,1.117936159422321,-217.6004
-1.1319317387655665,-0.2759096340690181,-98.29729
-0.10959161321894187,-0.749693823916876,-68.32951
0.6278954754604832,-0.22411510861208184,63.49613
0.41476433520093264,0.5395381418226103,-72.03968
1.4455558852479624,-1.7171766943647304,-136.7001
0.8684005382488756,-1.9966976144232034,-106.522
0.3019503596057067,0.9985732743721873,-33.45359
-0.7256413545828448,-0.6677154097069676,-153.5837
-0.035802915096923016,-1.7596978862659347,-185.6294
0.8082618649233234,0.3037684349080698,-214.6225
1.1913449729048495,0.07850888032315485,225.9601
-0.8413950465652686,-1.0295868750477577,-72.64914
-0.6220486280023767,0.6375456956084125,-151.3737
-0.6313479761353847,0.4761255673718841,-104.3627
0.08006746547486487,0.3781246129752341,127.2852
-1.200844029008352,1.5172598645820248,-163.4569
0.6231121562659893,0.17596221623118197,-101.6719
-0.3177141977022343,-1.4174307064043603,-70.18671
-0.23916138268619266,0.4482031839640989,-52.76443
1.5835158211058245,-0.9674437985944766,-65.06733
-0.3846530553760093,-0.6035502858338977,-88.5284
-1.759600291842414,-0.7683704159884635,-195.5579
-0.631011183653019,-0.7471998385950451,-57.03245
0.2679984731345752,-0.5989066293291894,-82.0659
-0.09327187877338398,-0.5878226268386277,-108.263
-0.024818809934632355,-0.7404071965341187,-93.86327
-0.15871447862568075,1.3073541848950856,-66.00134
0.3626296976219389,0.47979349560134843,-35.16255
1.4423029010650978,0.882826478310348,-94.67959
0.1112683424481928,-0.9219194756608794,-39.75522
-0.4293885988442463,0.8155268553926588,-141.1019
-0.6948840786231907,-0.9520679859286336,-180.1887
-0.6482985324857987,1.3261876934145709,-153.3549
1.620785546255216,0.008120485103986875,-138.5116
0.08647901290965593,-0.8409885903355189,-97.81578
2.608366896417332,0.43968803468358614,-122.8866
-0.2996686875520573,-0.6297358236651108,-90.60066
-1.3921181072485342,-0.7289522716290118,-95.98247
1.3586410978128705,2.694462886094129,-58.69569
-0.3959704497980095,-0.6914687335100685,-46.43342
-1.5619590590270227,-0.0263266473741484,-127.0245
-0.5759424886666124,-1.5898872093676986,-68.29309
1.549135595653872,-1.3891862127055081,-235.9817
0.10324959627116854,-1.4041590739743748,-113.6078
-1.142746773814036,-0.7850666638198581,-87.84051
-0.45880646774622874,1.2016278347377534,-66.52587
-0.2929684206112776,-0.9099745878259826,-120.3299
-0.333712224713324,0.41902320679537985,448.5737
-0.9659597947683563,0.23680029558996873,-173.3524
1.233624085963051,-0.19531470568566117,-162.0695
0.04862582420881979,-1.3812072214058837,-123.2661
-0.2602322477546837,-1.1811848806857932,-119.1738
-0.7993269552809288,0.6705080892607805,-126.5061
1.0317111299937722,-1.6729537742883658,-149.0723
1.622672205194537,-0.616746707307617,-142.6378
-1.3444386759870912,0.2398829364684755,-61.41235
0.15161769455208515,0.5537596249523903,-168.8776
2.6972164961253577,1.8734077240414,4118.886
-1.2434944859183028,-1.050238564519414,-151.9426
0.6373756497002764,1.111625528972991,-146.8391
1.2206437691255758,-0.38014168900249,-45.63202
0.9976206916645206,-2.029399630382863,-97.93482
-0.32477814213292966,-0.9646412922701961,37.05957
-2.285705335600933,-1.2565960515156394,-186.6683
-0.8881433292438917,-0.11530088315272558,-150.2445
0.34250464952259924,-1.1684436596915864,53.54511
0.13502902108688525,-0.913264990201839,-28.49439
-1.557500239698489,1.4163532156681307,-155.2778
-1.564712536707137,0.33324715265732624,-148.1169
-0.36871189391150744,0.5741322949711453,-48.18106
-0.678136302128641,-0.4703169896007301,-163.5103
-0.916277328745785,0.3895937073970537,-246.6199
-1.050473216637454,-0.5555868806440613,-72.96915
-0.4893410575979734,-1.0934019863470161,-151.7523
-0.007540642235281451,0.16541745640599084,-36.65778
-0.0738413688006648,0.6640258087951372,-110.9003
0.12070273196587168,0.9011946357834637,-182.6985
0.5006756298623333,0.6798539217654249,-120.0379
-0.7647546176489584,2.2488664047683042,265.9086
0.6482808824932739,0.2568283059968159,-116.2838
-1.0208973721829273,3.3587496837501196,-143.2254
-1.5253899708597152,-0.1791795121282305,-63.27851
0.5843579614506814,-1.2159231910141195,106.4898
-0.7161593685607159,0.1436190757765081,-49.32717
-0.8131918382918274,-0.920286457824604,-201.1581
-0.5830560675582875,-1.3546562419056727,495.5596
-2.214588971206942,0.1854341280393644,-202.7577
-0.8043497008643634,-0.7352346464055893,-101.6162
-0.8863601148549518,0.8029022165045214,-72.75966
-0.34819458050553415,-0.44199712861003804,-92.43088
-0.42177903251834375,-0.7977925757457326,-165.6944
0.37242028695336254,0.8450448809433234,384.6333
-1.2077066391249303,-0.10247246450397428,-174.092
-0.14650203794191882,2.3162274514190133,-142.8175
-1.2015831523408986,0.4023543026412629,-131.8297
0.5092489145711822,0.1897941876992067,688.3213
-1.6816540636422797,1.1363779646618248,-178.621
1.433012318538274,0.4515799513033865,9.699039
-0.6228244129124135,2.324526393032413,-83.06152
-0.6111559628330077,-1.1168019173764727,-186.5508
-0.32823929556746756,0.7649070314826284,-14.54451
0.28713909045960995,1.618958091061832,20.73663
0.7639251861638896,-0.7000159989209525,-98.42308
-0.2283736238037721,1.5389802849270637,-96.09465
3.6099906408700555,-0.05818559467134917,30.56237
-0.4193128786285389,1.3255738224753206,-47.87563
-0.39384421777575757,-0.37151243892893365,61.77828
-0.808657233803169,-0.2489288053457624,-134.5703
1.0261044765580498,-0.10597931712084392,-58.31724
0.24228544745433547,-0.2762997015253848,-104.7376
0.5698511768147161,0.8394455007584424,-108.0248
-0.1781698292809256,0.8327053004615022,-130.8892
-1.3894647692031994,1.436677882320304,-104.0499
-0.30871116855960185,-1.2609300499058724,-198.4728
-0.8512203589896306,0.2114390142807941,-158.4008
-1.0533419213418669,-1.6644749030345583,-136.3927
1.2487168144130387,-0.32287783713752116,763.1342
0.7221767661202514,2.901654607129052,-72.19118
-0.3836316682875788,-1.192532183196998,-174.5066
-0.5144806947905757,-0.0490795494927108,-185.2939
2.3423083504254376,1.1585762217763984,-184.639
1.4949394780640939,-0.7849312314320079,-142.1364
2.3851904814269798,1.6769846442579408,-166.0319
2.7242924856756434,-0.0661283459447566,-24.06813
-0.46761247582877874,-2.0813278257877235,-223.7974
-1.3780216255144446,1.9180954272226078,-134.7652
1.6061041767958697,-0.8374384077018083,12.09964
0.012428725390252466,0.481137197888575,-105.7658
-1.013880726653476,-0.001061081995069445,-92.38212
1.1490875189760335,-0.4796069155596379,406.1302
1.0394336794700694,2.8424055536346877,-86.79832
-0.8587870670250892,-0.9582206545699405,-190.7059
1.3492111411142875,-0.8017628188500595,-136.2778
-0.015164925638687859,0.20973537598858286,-230.2001
-0.7763957450741621,1.562309894505209,-128.5969
1.3631463639629362,-0.6048211168171007,-84.49047
-0.5808015876870399,0.2962856529801175,-90.61763
-1.3773427664494593,0.11734173565462794,-130.6101
-1.4354579813033914,-0.42542572859057093,-78.07504
0.4754179704062789,1.2770015583064351,-166.2389
-0.7532279019613324,-0.480129646039512,-185.1681
2.171081536371423,2.1082726830698326,-73.63425
-1.9698946542758595,-0.637805956737991,-256.9449
1.7394968270096127,0.8241379758360436,-147.0363
-1.7485964204520343,-0.21100937589788554,-106.7841
-0.15480521780702813,0.7996837108226864,-85.78185
-0.8110350150435197,-0.5434152463676962,-137.202
-0.5368086757780863,-0.29396147917393106,-88.42023
1.1621011550508145,-0.4814800952311362,752.703
1.2688116219400092,1.0935658441789942,-218.3934
1.2480943430546894,1.9922695573504552,-70.97012
-1.5054475414803232,-0.353577651403357,-11.20731
1.474741505447897,0.4601084286024081,-164.6381
2.4839081461761117,1.3957908416086702,256.8062
-1.9039024841542185,0.7352254528261818,-145.807
-1.8667331971444212,0.5365285140437023,-83.35528
1.5735585901048754,0.36434775523648844,-29.09699
0.23908090960473682,0.2740582114809282,-93.34445
0.033625858816887795,1.043018483902196,-68.41147
0.89056098082163,1.0467488883600302,-161.4643
-0.23629619546250719,-1.1711330992142732,-124.9126
-0.602346758631458,0.8298000672166904,-90.63384
-0.28720144431855527,0.40929881815121144,-63.58181
-1.199813179664087,0.2777020616984825,-106.0011
0.5800257695100166,1.7740178573502483,-216.8398
1.211042411039764,1.2609024695171576,-97.067
0.43842246474251767,-1.261593090960926,-28.50055
-0.11501937187735553,-1.0348624829327648,-90.83607
-0.19686044427019492,0.6700549030610312,57.33934
1.2052063043657024,1.390817081515943,355.3664
-1.6096497502804334,-0.03983303400903047,-131.4939
0.9527007689709136,-0.7437500407065372,-191.6017
-0.12742378754294448,0.25403161142977776,-181.7563
0.8784139257620656,0.36317884661584227,-130.9306
0.5249153852173966,-0.5860135711581406,-27.63342
0.3473207381485436,0.6916958421021403,79.21806
-0.24681639176714093,-0.4187560406630845,-116.8079
-0.9532170376847333,1.636726044241367,-148.5533
0.5153694266214383,1.4540753733581668,32.85297
-0.7814870884356718,-0.6988220046744084,-136.8042
0.8408106905629167,1.0781943162791603,-52.66965
-2.4807244283089203,-0.0611404705069418,-74.35097
0.661798928424237,-1.0875072778153716,-75.7291
-1.294920141837768,0.5391803442802928,-51.26463
-0.675675771607604,-1.0765302945119617,-106.114
0.5999300219563503,-0.10594397950695641,-200.6503
-0.05161790797466095,0.07261350347932874,-105.1659
-0.9775678265100664,-1.189583351885814,-79.7744
-0.909662708488223,0.7513310688098209,-88.34177
-1.3865643494194158,-0.09955841020863455,-208.5348
-0.21530515520718943,1.0913771823278187,-104.2594
-2.1550286538225722,0.9473613576166917,-33.63055
-1.016242385478623,-0.9086836988574788,-154.5125
-1.3684245613265071,0.04419147023162522,-141.9614
-1.7533742624914552,-0.4470708704506732,-110.1711
1.4122708071371124,0.2838603714997812,2958.699
1.5826504227314646,2.9297348984744853,-86.5696
-1.1768740102980568,-0.7960795144801984,-160.0573
2.1234632554084163,2.461101578859649,-162.8428
1.613179982578089,-0.08655220613680362,-142.8834
-1.6563072071344318,0.6502186211677577,-154.3518
-0.7980979358872029,-0.8005365431935348,-90.96712
0.8276379991711273,-0.6953454309705475,-186.5939
1.0165093818074227,-0.6845693011592047,-148.4016
0.7627834240705497,-1.6024213620005276,-144.2575
-0.7017701669814409,-0.25377542943746495,-70.64323
-0.3750484067429317,1.0266430032304592,-90.58817
-0.9643387852955755,1.0603274899078643,2.645844
0.16050439311966333,0.26944305136171354,-94.22115
-1.1477682777935736,-0.17257052775713658,-96.11496
-1.0190128914021666,-1.5075480146072588,-12.79585
0.0761158670699503,-1.6373269016791108,-33.17583
1.1710334084904164,-0.4945726155524089,-171.2948
0.07277262345072065,0.10548042178611158,-160.3225
0.4137989727467257,-1.135202130941307,-165.5515
-0.2634883402959256,-0.10051026618102991,-63.3148
-0.32006171994230953,1.053136607167495,-182.945
-1.2029727258381124,-0.903568363493641,-123.5934
-0.9594145640853109,-1.4417140278244787,-172.9124
1.229347578381197,-0.22265633212697702,-143.6445
-0.5073681456643798,-1.862747546229587,-81.09816
1.4151747632838088,0.6372477009414441,-164.1037
0.8211658854812933,0.22197668248756677,-118.7813
-1.4188882987182656,0.5864194923785174,-132.4786
0.1987504877335845,0.05916394599812926,-239.7667
0.5728015830387764,-1.0511776035468654,-105.0873
-1.9318199980160522,0.7430430739449676,-131.6059
2.213965212364994,-2.547388194682885,-162.0776
1.290292609011314,-0.002473011785572144,-172.3926
1.2355506024006826,-1.680849300053475,-164.7342
-1.713475387851877,0.23569419892232318,-192.2477
1.0543144571929903,-0.08751126933912594,-86.67503
0.2572072239951552,-0.27297205165994504,-97.66509
0.1332876798779449,-0.3689640328303626,-82.55894
0.8113675765729448,0.9448119209589005,-53.41555
0.22595103694568014,-1.6652889289984938,-256.8458
0.9951824455296208,-0.039451065904063456,-135.45
0.37185155593585606,0.7796899582952819,53.90813
0.20443944807018735,-2.0144489143810276,-140.7981
1.1351496951396804,-2.8914115111921315,-28.47644
-1.4431674356164679,1.8796380339797047,-138.9621
0.0904443990297968,0.6444785393392343,-108.8489
0.863098956890255,2.470951769874521,-207.9201
-0.6331822420686078,-1.5210988863777835,-59.3041
-0.9252620108132106,0.45648668949366,-66.91109
0.24579805596896395,-0.4127422551429012,-64.9679
0.5751178552616987,-1.4861975803143677,-149.4002
1.6229332999874755,2.155648587540301,55.74948
0.1161476840287836,-1.55028144482487,-129.836
0.8372670844127681,-0.6194390735131041,-155.4144
-2.1233118691870176,-0.3787013102324721,-19.05897
-0.7493731517576379,0.7460956971198857,-104.2706
0.29239982462891023,0.4672846319147607,-139.8631
-0.05632769314849751,-0.8222955600450528,-136.9743
-0.5364042908809837,0.6528301994012359,-35.95366
1.28561561142314,-1.352610653615902,-131.8154
0.5689363166299518,-0.08646890261940658,-60.58858
1.4219887238505433,1.8449179916086813,-49.93686
-1.811663336384774,0.11507036197264983,-84.48482
-0.5172395458615185,-0.6693130158243804,-124.2798
0.6855238148891348,-1.119750755178218,-142.1944
-1.3153360746530138,-1.3889981483981773,-149.2781
0.7313435538361092,-1.701020851071382,-168.362
-1.7110340965653625,-0.6579580025137345,-90.72037
-0.331034323026848,-1.7628803544070764,-36.50524
0.4419792632512593,-1.1988159436043153,-199.5585
-0.6781179284809538,0.3675077706973098,714.5964
-0.3585611533399246,1.2996117099651445,-12.02214
-1.2897419825418641,1.2715201080669873,912.7933
-0.430358734664942,0.1515372628509655,-143.7999
0.76844605512324,-0.2068969656971014,-157.0817
0.46666384866465266,-1.3569255160440392,-62.56352
-0.5742730609576329,-0.5293906990994376,-105.86
-0.9804390059918712,-0.7146964384780652,256.7009
-0.37936749847906365,0.03647859135935805,-135.764
0.7238104426353249,0.3815082451826719,-56.24327
-0.12752470821346992,1.713466641690838,-90.52025
-0.4659875237440845,0.08538378125995205,-87.38201
0.4117074610185133,-2.1484962438115254,-154.6255
-1.256116783965092,0.45486407944768703,-155.7716
-0.3365450945493395,-0.5274930930104408,-119.0759
0.9827218142851077,0.4478714089572909,-216.1893
-0.9626599528860618,-0.7699515088198794,-105.4524
0.39269051990007836,-0.8656126535883839,-139.2018
0.8754659820975275,-0.15965070920420374,-124.4406
1.3077262046042066,0.5274120044811589,-105.0161
0.7199659485768091,-0.2697599400469397,-63.15242
-0.6470343460845704,-0.38197496300246647,-129.3225
0.08271953725365735,-0.021034522329898494,-146.2395
0.24007649201306983,-0.9372675921136927,-26.67342
-0.2725793721826825,0.23321980908397158,-101.6167
3.234412170314035,-0.19183421730048703,10.21289
-0.7464401019568959,0.1325237059535293,0.4817467
0.07954215969458335,-1.513918261248255,-125.7639
0.3927214397783863,-0.7327325143827551,41.28831
0.6138250938329564,1.3268768247432854,579.8635
0.4395599242480757,1.0399608278122598,-77.55557
1.0335018148258974,-0.18343575856346692,274.2416
-0.17548964373405543,-1.8650555842261392,-45.47058
-2.071477650297879,0.9128067721441816,-170.9479
1.5511394056599768,-1.0006980592013843,-194.8875
0.9908911338314733,-1.6896755095601739,-37.06087
-1.1769828450513706,-1.6404505523547015,-109.9098
-0.03698391916210528,0.2827687485771341,-100.0688
-2.5743817765175048,0.6733565818324612,-156.4145
-0.33504908286033847,0.4785450442816931,-140.8441
-2.291231798001176,0.05947482315478561,-55.99025
-0.8966103066221061,0.3518122898343724,922.3433
-0.5575402297911538,-0.6419445102707528,-119.553
-0.4193621782318584,-2.0462472883343423,-173.4233
-0.3670363046306803,1.8667842919775925,81.38347
0.24210575917427948,-1.5591819002761822,-28.91822
-1.736350257511761,-1.1950773098834042,-179.2752
-1.0204567979948687,-0.6468748473864765,-149.3467
-1.2844735650149943,0.5695026892107234,-113.4807
0.6243112860975967,-0.7945418818201684,-158.0645
-0.0826786193878311,1.9051680892368543,797.5363
-1.7469420158297253,-0.4298804269625745,-89.75029
0.6359911081363822,0.8479733785054061,-153.4221
-0.20274741947428884,0.6520408782038233,-67.25703
2.613212180980634,-0.5376743219968118,-200.6784
-0.20106554065319154,-1.2041941199781179,-171.3137
-1.064736199373409,0.05162019900834126,-145.2781
-0.20952065816037121,1.8584811598296322,-63.55951
-0.6304564106431312,0.6630349769907183,-170.1234
0.05087800955000495,1.4744135797483682,-44.43908
3.3283048507090656,-0.28426690161745505,-214.6508
0.29777413658143187,-0.15609055490745222,-121.9714
-1.0598640034558415,0.7476152539607988,-170.7097
1.2057751329885367,1.8662124782978355,-111.4288
1.4892177832785496,-2.2354375158090085,-171.8921
1.3737991159693195,-0.9007096202753416,-105.0963
-0.3773773702527058,-1.391619574568498,-59.01329
-0.6465840011890355,-1.279069304697183,-46.51371
0.43172536382121285,-0.19327174006753423,-34.37081
0.8593213571287547,0.5019690846399054,461.1465
-0.07575756529828442,-1.1744350289163301,-142.2981
1.1210014113537927,-1.3757426536142559,-119.9717
-0.6595433881959931,-0.46726238676071674,-113.8436
0.8316993209874562,-0.065650437765488,-188.3243
-0.990816662371525,-0.33467034287820613,-87.80444
-1.0744144161953255,0.6672135260236596,-84.42896
-1.2978985006221893,-0.054993903736459765,-22.15166
-0.9858725280035499,0.6836887411745306,-51.15012
-0.7268677791246455,0.6404959388995592,-185.9399
-1.1594928243581804,-0.2812805744526196,-124.3493
1.249194354711533,0.3554915635020026,3342.017
0.1465026291108984,-0.46750561728502554,-188.9183
-0.5722220376375492,1.2445983047891267,-172.9833
2.3007519098785116,-0.3679832668900378,-81.65683
-1.943480283377129,0.44987026045933887,-168.207
0.030089055790081427,0.33360020450399885,-92.64945
-0.4436486588565572,1.7165176987069477,-82.03078
-0.55557499055068,0.267492423258186,-8.048744
1.2132834301641753,0.8767956237962146,-162.6115
-0.9208864159654816,1.8367015100175295,-124.9971
0.121819750417483,1.5925020522003626,-77.43719
-0.6185715075735069,0.7517138690236123,-80.55724
1.3391016513800034,-1.020904835666686,-78.70952
0.27156549112030914,-1.999958677218734,-180.5106
1.547102877354399,0.42898955696518526,-118.9845
-0.13732772470672786,-1.6709585028844287,-109.4419
0.03143705538062367,1.726851619462623,-127.2078
0.15016756068009476,0.8111898704376754,2013.427
0.4792655201613184,-0.7704111049257639,-59.24033
-0.3217698742325033,0.687511066995394,-151.9878
0.5710777024918535,-1.221789761758262,-136.544
1.3884459191188263,2.080506144421636,705.6645
3.374665503420828,1.533191940595492,62.77489
-0.4067762172035477,0.8774617283655123,-179.0338
-0.9804097730733929,-0.6933123704786801,-224.9402
-0.6897020251635073,-1.2786542480015015,-144.9259
-1.1087358569022951,-0.9526570161710142,-13.70146
0.4441591430135634,1.3945046058009878,-132.0951
-0.0004719696257083521,1.3083399250277863,1010.862
2.413652192062575,-0.10100211709012424,-7.291492
-1.3034845107456436,-0.23529372869048537,-176.2062
-1.1076065905117913,-1.050935616360051,-69.43639
-0.8625618745759723,0.4139793726444047,-163.3809
0.038062871007033226,-0.2916238901058425,-176.7267
-1.8045149242361638,-1.30230985352502,-256.4337
1.1510832399429614,1.0297469989386367,-101.6382
-1.7395297487646229,0.13059508090820154,78.8635
-1.2453116599936003,0.3253133104064488,-153.4552
0.1573467287042173,-0.09607863563913412,-123.9555
0.3069016714844217,1.5452550153275724,71.35106
1.0084473305475952,-1.9418645685526232,-149.161
0.583638700726442,-0.5690685351736783,-118.3441
0.7430399681618137,0.629630789938225,-147.5108
-0.7975831422073336,1.7506466180761473,-105.1521
-0.6333588007111589,-1.4093592692138797,-84.2148
-0.4172608777655381,-0.6150371780517062,-27.74637
1.7033658469138997,0.04918749162596739,189.7402
-0.655751936844406,-1.324092189015793,-76.84763
-1.536170052247042,-0.852185645018588,-168.1857
-1.444689119339338,0.6192857662487165,-173.0744
0.46002829793270084,-0.09653810104762488,-233.2843
-0.4368435674817367,1.396058932215637,-149.7801
-0.25872309469236454,-0.17562199940152248,-159.053
0.45253596986937283,1.4753675045142631,-31.95584
3.4262214584780604,1.1088554027899427,937.6418
1.201234830995546,0.9105105689450024,-60.53911
0.8193895456118401,-0.7657984155444864,-63.03719
0.9272281036631579,-0.4848085121985179,-184.9801
-0.9550374001773964,-0.18554553113974254,-81.13084
-1.7116859015283497,-0.22594730213766862,-106.0767
-0.27428145056821895,-1.915822944888535,-181.5491
-0.7159260552182349,-0.016686517899316643,-162.3747
-0.8013439698537524,0.6032456972885242,-157.8651
-0.3707333489733135,1.414317387596805,-169.5492
-0.2780357114183684,-1.4863952210646096,-44.10401
-0.8805685192565206,-0.21714454796710303,-171.4642
1.982760538519238,-0.28501716388663434,-120.2671
0.8267645623093807,0.8173654118597184,-234.4978
0.48431192393391426,-1.2327585155589853,-144.9978
-0.684136705147903,0.1783593145012837,-220.5327
-0.09267951290896546,0.7150286851995243,-6.202702
-1.5664097382495188,-0.922156828239279,-13.45606
0.14769209319722057,-2.077038949689436,-116.5537
-0.9997092219312413,0.77189305979155,179.9937
-1.369959206284679,-1.4494422832266076,-73.35248
-0.7212599413835312,0.3844043181556386,-198.651
-0.5008403833023992,0.6216486296047157,-154.7715
0.6559891126036839,-1.3322783731365617,-107.2377
-0.226647648329896,0.3970196917284902,1102.289
0.00924126941070996,0.333852764739184,-164.5765
1.3845729649585998,-1.2013295383984008,-198.892
-0.7155752682799382,-1.866550371012393,-138.777
-0.8212159274130667,0.424042760417096,-65.5233
-0.5855841375691622,-1.5859489858923745,-25.3968
0.2212317784050362,-0.31129616273047767,-23.32741
-0.005128985487840744,1.0076789573584888,994.5692
0.12684365680311507,0.22137317970644715,337.0948
0.7428032785879248,-0.17610240350583395,-113.8589
-1.5803668053107907,0.5654459977640224,-102.0216
-0.3336888560275572,-0.5449190188646912,-83.71218
0.6842616839739035,0.042517189925456604,665.008
1.358872769068148,-1.1403472952320928,-182.5412
0.5387057814841827,-1.815257004792658,-30.63869
-1.2107064969922776,1.1335450713600674,-155.8313
-1.1989259523650957,0.6729886253602081,-93.21226
0.399836960254821,1.8169393380094765,-55.19084
-1.1562247064308195,0.2883317462734449,-89.00042
-0.407335635412917,0.08690082574032541,-185.0238
0.3027351324795642,-0.2390409457845253,-86.85561
-0.3713572398521384,0.10131990181824727,-153.2707
0.18207850308847706,0.45254309534907666,-171.509
-0.8843300173167137,-0.5011448846709929,-110.4251
0.1671877382688464,0.8403695864603898,-69.43589
0.7495203024189273,-0.31891273599785214,-106.5201
0.8015097445920956,-1.198246167109486,-110.0479
1.5871940499142607,0.5540889988473983,66.71065
-0.7747942056045848,2.1042876550007255,134.3773
-1.1389737901021215,-0.6834897072339182,-223.6886
-1.331596831272842,-1.8625147297962035,-118.5003
1.3445352031890476,0.30931051424499906,14.9474
-0.5793255305247661,1.426011923857979,-191.1231
0.018396436485251196,0.7841272710220201,121.3716
-1.3030824429964054,0.695201901732484,17.00515
0.9627689515118764,0.08741301675341376,-29.41296
2.5556789113353244,-0.5208228117042162,-117.5068
-0.12198679061811118,-2.037221529341206,-32.81269
2.979721979894293,0.38969021099338313,-162.5149
-0.7918410198227662,-1.3995735992009362,-89.26389
0.8293755244563242,0.5644699249590005,1288.422
-0.19581728747847563,-0.3268628357710198,-139.7513
1.754997240307913,1.0954781367072957,-22.59274
-1.4538611036578097,-0.1513518364485027,-94.78813
1.0140220842916385,-0.15362690056563694,-98.50298
1.6992041639717252,-0.5133064195862316,-119.7164
-1.6672880636446559,2.262891754267115,-198.4334
0.7805830070777517,0.08353333317168281,-107.177
-0.22269965787581236,1.0860237546892213,-142.6007
-0.5480405684887173,2.519847453424924,142.916
-0.6627923307410115,-0.18666699503214484,72.63023
0.3908137238912771,1.0465965329590923,-97.05051
2.5518266038341437,-1.418155427513976,-80.99769
1.3922027910498376,-0.7860831530530247,-93.32095
0.2976818242307759,-1.4044417911549847,-157.3636
0.4179265816316055,-0.2889957137331886,-166.4887
0.4330864217276298,-0.0702420873002831,-125.2062
-0.25411091979165334,-0.4445587481350549,-162.5887
1.7757183638871519,-0.9314583550962691,-23.10884
-0.10575399455641746,-0.41477349503497546,-116.7376
-0.5919849439042068,0.08598283391908211,-165.1588
-1.316883426656421,0.32368564845498893,-174.6954
-1.1768004468426247,-0.2513038802589724,-196.7709
-1.2406538102468567,0.9008149642154898,-173.7992
-0.21890014673224628,-0.2254511842703261,-53.39107
-0.981025783325004,0.1338714353027308,-61.50406
1.1094823550721138,0.6544309222520283,26.94662
0.3263604411319663,1.4268224555338334,-26.00604
0.40586752957333705,1.0076790284790147,-65.99681
-0.7321349293142643,-0.8501786983943499,-159.2316
-1.511794678528604,0.04610983196141203,-133.2346
-0.5673320061245865,0.3599956945842835,-153.7363
0.9565703346155252,-0.2646156698897914,-45.96605
-0.34726211198965407,1.7746595056407468,-118.8421
-0.01579643169118848,-0.7371729446305664,-82.20745
-0.10626526839829334,1.504442036346832,-92.27627
1.624068663310452,-1.7174720936061796,-28.95244
-0.8037549794285593,-1.5007013771398225,-142.7207
1.548212163456441,0.8210950279817941,-124.5281
-0.12085159886065144,0.5185933726529539,-182.8595
-0.10751530478409688,-0.3780690494895345,378.6992
2.5127586612917447,1.9020996479019483,-53.71685
0.01843484940150724,-0.5900623351414261,-91.73936
-0.18835397543658214,0.39647102095575826,47.32701
-0.3310823312622427,-0.13175331637952056,249.9531
-0.13783926747786393,-0.5808965497179264,-70.28436
0.7230936314296721,0.06690558676121705,-75.35744
0.4582587349008973,-1.1140220580207711,210.1487
-0.6598148959276134,-0.7475303938483352,-86.66618
-0.47638964425801766,0.026674823457826086,-31.9779
1.243913635868836,1.813858543042621,-68.87784
-0.8146637516878983,-0.9065401734240138,-223.216
2.754895229919033,1.0293432656408796,-49.28161
0.738526126947022,-0.8215240032459875,-116.6842
-0.0718326241079054,0.0236564034279802,-119.9039
-0.2635009369361736,-0.11871056331805047,-158.0658
0.040625735758418054,-0.9159089709202867,-143.2723
0.4159129481843059,0.23059090208886227,-113.4781
0.8968559589165745,0.07336546664172247,-79.54951
-0.31261908607270433,-1.7160824887252732,-167.4831
-1.661195076386954,1.319308386299689,-81.2533
-1.1589887809446844,0.23556747021244728,-90.50747
2.5207652458782244,-0.3534297783592488,-106.2685
1.0818247199079818,0.308698155757483,-60.28844
0.13029885150536383,0.5147485512520411,-53.62359
1.20870994640108,-2.2610192425166633,-193.5882
-0.5921316782582547,1.3900350297486246,-88.97707
-1.3037720647217745,0.14961967907556256,-181.356
-0.2061435759269682,0.15258818740517235,-76.52196
1.1167706018944448,-0.19693205870741953,1240.171
0.3720821813240945,-0.07369820496868056,-78.50361
-0.35883460388880983,-0.613158692308449,-100.0014
-0.16250190476718815,0.8974313721637862,-180.9181
0.5326628619625755,-0.9954759100835019,-170.5847
-1.3748465256453621,0.6326714893589104,-158.5493
-0.6196525934787063,-0.09809539816186744,-97.89732
0.009548354458899485,-1.6748013539526325,-153.7218
0.5887319941210408,0.09389784699812335,-37.99843
1.2865333919290178,2.8901196871736703,-64.01335
-1.3247563640789117,-0.0552530921061932,-59.17529
0.8738787759227443,-0.3901077679247717,-39.72647
2.2315430118860755,1.5403199067717126,2004.573
-0.22899027670347072,-0.2654166926501073,-43.91311
-1.0277510247361092,0.4726425220719474,-179.4713
-0.6252381659025245,-0.3968579507653136,-309.0377
0.03771660026360513,0.11718657730188069,-128.4861
0.21698457163502233,0.9855408718394953,-141.6427
0.3139121953883464,1.224732411090872,-121.433
2.012416286150976,0.8926996401723277,-224.8472
0.1696214796866955,0.36549747152083206,-195.2242
0.6658579812893286,-0.06534272689609938,-85.3821
0.5365685557081373,-0.3570590875832663,-5.682405
-0.2057081049083135,-0.1786014507803271,-92.86479
-0.4341343917920643,1.7362036337251696,-154.8727
0.4608774584945067,-0.023943879549055917,-154.5045
3.5261251743517468,0.9319476397729003,320.5564
0.10218694382899439,-1.6912542739129808,-73.02184
0.4464817541603377,-0.07331011519524815,-129.0732
-2.113915755305467,0.9092716823259723,-89.35789
-1.4749369087480682,-0.5471562569280155,-84.99943
-1.2704900014026301,1.1459311930880511,-58.17157
-0.5395049462577897,0.009489130427190393,0.2123184
0.16972312336066483,0.8430073920755418,-65.34541
-1.5354419049357637,1.5239337504280774,-185.1781
-0.6089386902959499,0.7452799346084444,-98.01793
-0.10106697721451781,-1.0395788391580987,-69.61282
1.292531351069227,0.6515431433063118,-99.44938
0.5568111595335419,-0.9975469018405716,-163.3432
2.0368919192888155,0.9904603684081179,-214.0758
0.38136044028431954,-1.448512858015796,-76.9249
-0.3863954101811479,-1.3112680112539083,-97.47306
1.2439074012175797,-2.6009934918352573,-104.3455
1.0199829975999777,-0.3125382343619263,-57.35511
-1.2334320766370854,0.2067843794435041,-96.56494
-1.9567376078162388,2.013936608177002,-123.0716
-0.4752472443113379,1.5283631473262937,-98.47285
2.1430329630643814,0.9898106938695439,-77.65102
0.5672493050316009,-0.6972908945931965,-135.4135
-1.8938541933684032,0.024038313181132927,-42.99253
-0.7597431887097659,0.6356204447671603,-147.7406
0.6936234488879486,-0.1934266870721751,-120.1881
-1.0841072464526083,0.40722014864426753,-158.445
0.6937281487562219,0.024210267304873412,-72.48433
-0.9431948271120447,-0.15543725118832719,-195.3526
-0.971335053073011,-0.962899460606638,-216.8661
0.5149505881813204,-2.2007050561517247,-141.9557
1.9799354889685965,1.7093317238030146,5275.395
0.0351025988885641,-0.7787649429604255,-153.5803
0.8280413690658537,0.9255221725885306,-93.35107
0.2868442845828222,-2.3395704432047246,228.358
-1.5202285229888695,-0.9811675240819604,-25.64376
-1.2285604213299328,-0.7283558531478005,-157.9879
1.3590063224860376,-0.280945761013202,69.94508
0.48844229570157777,-0.4177873680371952,-114.7136
0.37184004382300617,1.370218974754688,-103.1767
1.141209924339505,-0.6079568018751352,-12.57704
-0.15619304372156645,-1.0409721455576817,-176.4426
-1.4095906284396018,0.8151115642984621,-121.1817
-1.0626658059881062,-0.7257984293866502,-195.3952
-1.0056951857536855,-0.2563154369354647,-93.18986
-0.3865351041849257,-1.2228032798120574,-57.67392
-0.8144800915220709,-1.2449586176211085,-91.39715
-0.9465705811014368,0.5987297339532203,-61.37435
0.32628939740100604,-0.22661269774161494,-30.4572
-0.08145442800339919,2.496306207815506,-54.34233
0.31252774932132715,1.3161242487785487,-124.155
-2.2775905063563218,1.7072383191892926,-11.49982
-0.6014114024922699,0.008371176628743095,-66.36556
-0.4377956134601119,1.210809764864114,63.74119
-0.3970644838457149,0.08598384966262029,-179.8783
-1.4806239174494595,-0.14938132052316797,-181.1438
-1.214468379736148,0.17886680750071665,-226.3615
0.2718290581703391,1.6686624074731091,1293.022
-0.10607522562462549,0.6946236660535949,-134.3895
-0.22814664994195374,0.6710876948308041,-170.1903
-0.37059945720031695,1.8130060031324984,-86.60796
0.21548371509982078,0.8657889171045329,-66.50796
-0.9045151320909364,-0.3235821572349232,-73.64673
-0.6914708196515822,-0.8781529319996279,-207.5197
-0.6612814486004245,-0.08776842888443706,-87.59213
-0.4696915596294784,-1.3640302637057522,-137.6111
-0.19705867230645327,0.044821153270004244,-258.3406
-0.5104748493611196,-1.0243106023672877,-103.7327
-1.1198408524762404,-1.57807864005252,131.7563
-0.05157642330841654,-0.8588204215469541,11.28975
0.04877153252030764,1.0495604800703378,-93.26379
-0.9226075896229831,-0.18733709556527123,-133.6324
-1.4751058440424154,1.7430240630486402,-93.68927
-1.2890314256619546,0.4735375102897297,-76.21379
1.9662919095912887,-0.8601154143238032,-21.02315
-0.12612820480314088,-0.5467946173441666,-103.425
0.6555892057324313,1.1462111527120793,-171.3916
-0.7628031570291229,1.2737401551066319,-98.51344
-0.5941374209744434,-0.8352573312622028,-165.8033
0.8323929551372394,0.5991792771966439,-158.4111
-0.186637562880572,-0.04408948679994264,-95.56461
-0.10880501345480013,0.35698971007856667,-81.49799
-1.2135903576981204,-0.21432130863521728,-104.9657
-1.1879337598207416,0.9578029854431577,-120.3948
-0.04974170051855243,-0.5681136548362753,-18.49967
0.33811011594619705,1.2096802656838774,-89.79545
-0.27251081298959956,1.8368622417572769,2068.432
0.5560695161511711,-0.9771647596640459,101.7786
1.1947449928173455,-0.6335628033484209,-16.63667
-0.9835743069358324,1.113774868003961,-118.8944
3.23076853018998,0.7085331088017177,-35.08324
-0.21692887456749158,-1.7878063744183212,-110.1067
-0.3972681762379923,-0.8771709063897917,-163.5997
0.46656113310752423,-0.027112234163755085,-89.77889
1.5210007292662473,1.83630396240021,962.7977
-0.9682867847631951,-0.4486300123179735,-101.1302
0.030181619134107277,0.7500674165890692,-92.87905
2.722743807195244,0.2821908984804829,-159.0668
-0.8489731475170749,-0.26167112286176647,-53.00673
0.8807448003468267,-0.17361142604548313,645.9534
1.1548670113670072,0.5802795377488008,491.461
0.5632968476420491,0.9979500380806167,1202.221
-1.3595923535174155,-0.8684943500562331,-66.76028
-1.1368252638235923,-1.9748629476099528,-106.4795
-1.6578304984444117,0.5734584704560584,-89.45531
-1.8202848690707745,-1.4677315204691264,-127.0596
1.2251166431858567,0.4290311073804163,-82.97153
0.4948118475174914,0.020735950601302205,-140.6264
0.489033795552301,0.3294977343234771,-86.09258
-0.8980054952697316,0.7870392075734376,-104.6239
-0.5311628358325986,-0.27562231673676557,-130.1167
-0.3345713875662838,-1.520118370486597,-153.404
-1.30940821876743,0.006428114317591175,-151.6121
1.0062181768055347,0.3170384625252376,-172.3172
0.08457241228986566,-0.7201249217327503,-197.141
-0.3465814108079519,-0.5484822432138226,-79.0934
1.7755110510060996,0.22840496311930486,-73.2872
0.494370366246755,-0.973512516720162,-114.995
-0.8255323047041585,0.18060383442980318,1081.476
0.1088533131879406,-0.7102764178133967,-205.1915
-0.5504703820946548,1.6211614567387589,-6.267586
1.259105537509,0.12169624327345611,-20.74664
-0.8665074177948633,1.0725404180484321,-132.2229
-0.6363287664823436,-0.4468687931342338,-144.1949
0.24328430407348794,-0.11493180551804959,2203.881
-1.774149135160619,0.5413127382197226,-53.66887
-1.3307306488447395,-0.8896846987639421,-228.483
1.6225944922505278,-0.4621419311127255,-56.91161
1.1973623945004226,-1.189040703133064,-84.80064
2.5321476560894354,1.6752429734888274,-158.5176
0.29839151327602825,0.188716869695178,-74.73352
-1.7490094881585938,2.4711797834591724,-125.12
-0.7892082310111485,-0.1426302201692829,-120.1539
0.3715523077232838,-2.6758086138627206,-149.8521
-1.8814427656865806,0.14552005289713232,-141.8148
1.735939660902345,-0.13838044970503394,-117.6386
1.374591476776847,-0.6129497585399104,-89.00845
1.0581979725575448,1.1285924339207785,141.6177
0.7536882538562664,1.114240089636644,-151.3445
1.7917416566748479,-0.0019835559476705108,4995.175
-0.6666133197352516,-0.35401663864635946,-158.0456
-2.3002448858792506,1.6846379312699646,-209.4102
-0.3600709545614316,0.6194979266158943,-117.8838
-0.7489873055349076,0.03187308842677895,-151.72
-0.8761258356162095,-0.87124935041637,-102.814
-0.9892081467631938,-0.5677945165021894,-175.4002
-0.0036937942103709392,0.4052541957588609,-74.9874
1.6958070555281632,-0.38972171843623654,-116.1391
0.9268273095319246,-1.363466708326003,-211.6519
-1.1628064379429097,-0.06154573056052724,-145.6261
2.7790092453616864,1.4074488982757016,-31.85724
0.7170335717282301,0.5484452104735097,-155.8667
-0.4350533893640267,-0.8811844466209757,-95.54678
-1.4634329063559122,0.006455182768424562,-34.61732
-1.0973674670533577,-0.6582413880348399,-143.453
1.175903805291178,-0.8370141243220033,-74.13057
-0.2377205682552058,-0.8268949600092597,-29.31478
-0.5702856132871068,0.9293015543786168,-26.77674
1.1994292228137537,1.0201934902315306,-133.2259
-0.5321001279853059,0.48110632447230894,-98.66906
0.1084728838917206,-0.9914639726456332,-39.33568
-0.0534760065834098,1.2624799376543634,-43.04473
-0.6309377679511426,-0.4644995120056672,-103.2734
-0.9338231349652611,0.5180734748492314,-142.4865
0.6503860690653721,-1.2470433486838497,-126.187
-0.3277237025527731,-0.07466995404150073,-34.44269
2.230898798362428,-0.07663966818768672,-32.74599
-1.5768885869277045,-1.7909795033004166,-140.2173
-1.0369799691099713,-0.42795857960286693,-118.1127
0.08866903170861111,-0.7582961608921603,116.3418
-1.3616318539913241,-0.5878206740247911,-26.24496
0.17722977348607877,-0.9523848421611851,-150.8805
0.06070286178218668,-0.0010346979166982837,1849.947
-0.9618450467375658,-1.8093081588743678,-67.94947
-0.37149569196855725,0.4655412209272755,-161.2544
1.8233425043198896,0.26380257091113074,-38.60925
-0.8869108013089299,0.4517268181831837,-73.11415
-1.2233186674491496,-0.8843386900581056,-91.79029
-1.8997390315073788,-1.2010066604250942,-190.9323
1.4365165712066106,-0.21175609734633577,194.4046
-1.443643689756859,-0.9792038468350632,-95.46382
-0.9225383817543393,-0.03182785588856065,-41.13346
-0.7614334185435325,1.4051334977440908,-64.6072
0.6368610083590858,-1.1719715443087304,-35.99725
1.464425383306126,-0.7093054060301505,-11.17409
-1.9475069460813133,1.1410814606555986,-63.44205
1.7093373094700104,-1.8422824709272172,-155.4178
0.8994220694341101,-0.20138551930101115,-23.43058
-0.8168651767159285,1.4010752404361064,124.0194
-0.8759033081894103,0.13437131433448557,-100.0221
-0.2045948168756309,-0.14558229283646634,-91.28852
0.2470773787407412,0.45787625022815903,-150.9438
-0.16449250758759396,1.954811384728995,694.5244
-1.2301437597261031,1.5636600937632734,-197.7602
-0.4244599245832285,-0.9906986274827868,-147.2866
1.0687240324276812,1.0672956260190567,-187.3843
-2.7253093083025397,0.8663040713793231,-96.90165
1.726880477886155,-0.08998582363973165,-107.6444
-0.10214755274742761,-1.1919247479707882,-78.54094
-0.28251736222456214,0.7461571478549646,-70.25332
1.2249793997944252,-0.5466146930887459,-81.59559
-0.9175897451367342,2.0521430063276234,-124.6362
0.3609920241273781,1.3463498656860176,583.2274
0.18821195380320296,2.3137666419477334,-109.5308
1.2721384610481439,-1.4090625646020418,-162.0664
0.6653372637167548,0.6187826757166631,-150.8939
-1.804007934765032,2.0479932496390085,-130.9436
-0.06643921342863515,0.40484519838954774,-121.2093
-0.22021832948950412,0.10646265899758657,-196.3344
1.2094754505547536,-0.23722278375249303,-190.7022
0.33887800224612447,-0.18703093315389052,-109.9807
-0.5283677560242217,-0.3470137274067957,-156.4562
0.4352188704114912,-0.15278567401114784,-51.62346
-0.8567664620805095,-1.8356494684816203,-166.726
1.6216611252125868,2.0158139985828254,-188.4049
-1.1105424715693109,0.1662217520614339,-225.3803
-0.9799494108872445,1.1186444963357567,-165.8413
-0.5169337710982336,1.3241492731421465,-40.27827
1.1569670014994649,-0.06008005508339222,-140.1738
2.54415219589987,-0.5341007420131659,-173.3063
0.7018388810773784,-0.8403203888485034,-81.41537
0.2159379014601207,0.4223096953533031,-99.74649
0.7740315797825307,-0.919539729182524,-184.9867
2.5484802930457104,-2.419504089200754,-178.3344
0.04723987495056675,0.4410705442139228,-55.87237
0.8274599883827288,-0.8466613656123452,-184.4711
-1.876900084723291,0.7253607808826986,-47.83588
-0.4745237568136292,1.9319071718201026,-39.06402
-0.4179157116628802,1.3044610682792654,-83.43921
-0.9163019031390967,0.16830149756185261,-115.2779
0.6099524940030103,-2.2537100883291163,-4.869596
2.6095677959366803,0.7043121104599797,32.26218
0.8353356960237184,0.6498781077614636,-73.68793
0.1219099489420136,-1.124117154135114,-71.2027
-1.0642983345812846,1.164098878712974,-97.09764
-1.060115095450674,1.8934604401374,-93.25256
1.5915017969491796,-1.4458485394806362,-115.4544
-1.1153292497150002,-0.3096386584027268,-153.3828
-1.1874906841216561,-1.0411453327693372,-28.83896
1.880131454261038,-1.8252398236298921,-63.92776
-0.37563936657485875,-1.1218545143729917,-60.98582
1.0654643473921845,0.7993244876123814,-135.2252
1.950988862562243,-0.4233268190548681,3003.876
1.1468691328453962,1.3315051471581163,10.40521
-0.13826033537588803,-0.8393295694411835,-156.1219
-1.0728304474461834,0.18409000348663407,-74.22733
-1.541675787006269,-0.7235636354630139,-72.15773
1.244122212970774,-0.14038759841816265,-120.1046
-1.0586204507917387,2.5038248870075264,-113.224
1.6818540043415964,0.6564397618320554,-44.21201
-0.06772985406179255,0.6737766110438831,991.1597
-1.33224952300009,2.124874175455808,663.3843
-1.1767846361447876,1.4503186623215831,-67.6533
0.3533092649545328,0.23309312522878928,-70.34769
0.445374767998688,-0.5742038980729044,-168.8279
0.5732134941536398,-0.599418376346543,-67.5351
0.18890310255836132,0.7957628022719992,200.4571
1.6931383330299625,2.4456245777426764,-221.2901
0.822978290356916,0.5066184790754008,-131.3849
-0.5244733849687679,-0.016942664734723563,-184.0708
-0.498604512068838,0.635385823758414,-168.2344
-0.387988050877676,-1.7797769550778968,-98.18633
-1.7270694976246284,0.22711453927680017,-162.1437
1.836260220391031,1.0250941799819593,575.7491
0.5508500462827073,0.49764784872238954,-83.47811
-0.024650429105102335,-1.3317472019137402,-120.0178
1.7141815452397389,-2.0439943780184495,-119.8448
1.9633750124737468,-1.6170082016289322,-43.67708
0.17676480988379262,-0.2443291930887615,-177.0462
0.20195569178939296,1.0826685957205273,-149.5395
-0.08240661043193256,0.35856853563121444,-191.7552
0.7580942848066435,1.399203408174977,48.31458
-1.3642491134609336,0.5656115247010924,-96.86975
-0.051281838732630994,-0.43875505414230304,-208.842
1.0211248223972396,2.036867375004614,-132.5086
0.9982673650182239,-0.36498880420901364,-84.90496
1.1979822608700845,0.41037678622923396,-128.8043
-0.8838620518959299,-1.2762064582654886,-182.6722
1.1626323637562974,1.5477405921104215,-16.13413
1.6253802194645608,-2.163841903083611,-180.6665
0.40066566169167406,-0.5328033681343967,-108.0649
-0.6470301475786291,1.4018287497101989,157.9806
-0.14908123771704593,-0.10799934099986905,-117.592
0.8964307954881249,0.705788930156738,-145.7479
-0.8751274763520086,-0.8433871671266573,-106.5283
-0.5250539621000287,-0.742810904855251,-123.6784
-0.8334420071714634,0.45090883698183143,-135.8866
2.5110101038035895,-0.8982166377402425,69.7375
-0.3963489377489595,-1.4072913429818632,-144.5072
1.299836308020039,0.20252666227460234,-139.8154
-0.3530597544429945,-1.1237389456882785,-141.7508
-2.536636098319038,-0.25038506417732836,-33.42205
-1.4599233312321034,-0.06882606179375547,-77.73479
0.5523477480440808,-0.006802736112339251,-50.29555
2.725295329510897,-0.18078802295489374,-130.8725
-0.6266310367924091,-0.8508199102428767,-124.8341
0.605281509310783,2.719967843735114,-117.197
-1.0903982565337538,0.41227454361641946,-72.41368
-1.5193320353711153,1.5685625731583575,-150.515
-1.0558394794813286,-0.3404447713065601,-175.8752
1.4072359568564454,-0.08066009080267127,-68.12244
0.5356592008220054,0.15825350865002813,-114.9804
1.6161375105969469,0.8034292700033986,1634.526
1.587421474351298,-0.8995875405611625,112.9596
-0.16790412143833644,0.44430684597418113,-169.7243
-0.573295777197305,0.7958310964214214,-160.0344
-1.0414419842929303,1.4061660769203927,64.83603
1.432713224863325,0.2918635062220233,-129.5038
0.8887433166256402,-0.3610943015521898,-63.36578
-0.39734169491980187,1.569284767347333,-36.51054
-0.6272345003674923,-0.7136678997709821,-119.6825
0.43925586358042423,0.7769090580572625,-41.77392
0.5622113020177715,1.1679277878005394,16.68276
-0.5370744651873415,-1.1556989988161368,-68.84959
0.9780640367248855,-1.710789389264346,-149.0248
-0.4271217029295352,1.0025400436272973,-194.7524
0.08441903027303574,-0.11577085654661917,-97.1623
-1.2589677787035216,0.3469866307005668,-138.5608
-1.1956048940213766,-0.5624534849932028,-69.87057
0.558279981596846,1.1004385330252877,10.87657
-0.5241149247066198,0.7225028304455985,-117.1946
-0.1756144311450233,1.2550921753295783,2298.237
0.8510420792651232,1.357788656332322,-108.6011
0.21776040554367893,0.6525149719430559,-129.1872
-0.26620282741325696,1.3465480511110122,-159.4495
-2.289064985746136,-1.6688642076798281,-95.99358
-0.22647738703073836,-1.4941583439143422,-21.10313
0.09446962628342945,-0.3276203856987117,-165.2392
-0.2325698484873431,-0.10141775821935953,-72.15624
1.6495354038274421,0.20748752027202075,-109.843
0.09191545170634896,0.5477571787974153,-128.4646
0.39032321113648094,0.33797173817613274,-69.15267
-0.8405779369223304,1.8849754586687189,-135.7964
-0.7303239814485524,-1.2258565790160294,-145.777
-0.588574691908873,-0.5898642586832522,-26.48559
1.366395446518497,-0.18290127247204954,-292.6888
0.25071977826458375,-1.7847410616222525,-182.6878
2.5468376418374508,1.4593374594490456,905.5904
-0.8485239349058327,0.5965224699066882,-120.2574
-0.3394578051884477,0.19686748203450913,-91.24036
1.0763566304987304,0.49540412530412314,40.38853
-0.5249785917693811,-1.1435016594865475,-134.409
1.5335402397687088,1.4957950095334682,-162.6665
0.6800600881652088,-0.2088283044266809,-162.4932
-0.008156555550434425,1.5177695626412866,5648.137
1.2786346791433867,-0.5038682540541065,-114.4869
-0.2506800867032534,0.42150717850328195,-61.67325
-0.5393904624710951,-0.407269055278672,-128.9518
0.14979713404309447,0.40712860407033663,-134.818
-0.8953685769105205,0.6631337169463141,-114.8816
-0.17370184976583825,-0.22735589330616054,-133.9258
-0.10130760972231398,0.8337669645530467,-176.6082
2.16902311230614,-1.7277278063369927,891.3552
1.1575754449795697,-1.2455738211390581,-95.80722
0.8894548472357932,-2.3873767635201513,-57.36923
-0.5625043232399141,0.4627053242520882,-71.86322
0.1767340815130211,1.0218465917289539,30.21826
0.5902673415511661,-1.6768714913978648,-89.54455
-2.137648598161215,-0.5317012438066183,-138.8487
0.4409384254609247,-0.2599281406832037,-162.1698
-1.5829918055625574,-0.3599990771467913,-112.7047
-0.7473282160687666,1.3336209228375555,-82.48239
-0.7301874467075743,-1.24958816950708,-140.7273
0.7446389648616824,-0.5211230020229703,-123.6478
-0.27281251579999716,0.023056810038654025,-157.637
-0.15525964480381818,-1.677167694749329,-94.01961
-1.3801049068482312,0.9488029388466852,-117.0202
0.45404308178500974,1.240960435227442,116.1336
1.129426386333977,-2.0698160667607453,-165.8663
0.07298517521647734,-1.442798806341768,-66.32291
-1.7348552189911346,0.34589938443340246,-110.6608
-1.1525722664180884,-1.2710758996402411,-180.737
-0.26289624694898356,0.37566011122322124,-117.7917
1.1663407028230537,0.29578109157406157,-76.50224
1.1038617820715821,-0.2015581385408326,1344.95
-0.03420148782787754,-1.2312288760240577,21.9687
-0.5545627213546699,-1.5343996824997665,69.44524
-1.2706581536838035,-1.0546676322845467,-63.55799
0.6226044845864758,0.2930322451687702,-125.2888
-1.8157759818030965,-0.5486835720240956,-88.70456
-2.0126438081009232,1.47732290840295,-100.0933
0.8595562290481064,-1.7761633079040218,74.70707
0.45162127874324526,-0.6960973433382291,-85.40077
0.1677475448168751,1.3801292855726568,-169.2448
-0.16560283740595091,-0.09564983382145972,-92.79731
0.9685897084877183,-1.9313747811314415,-113.6521
0.14889250775990276,-0.7891657698946503,-147.216
-1.2206114936782557,-0.580223161583201,208.8379
-2.074157909314544,1.6591368557480526,-166.3047
0.5170332218871043,1.2575910349892316,-207.8155
-0.7825412153101788,-0.09737908752829158,-115.0478
-0.8918552398548796,-0.6568522663792368,99.6176
0.05008655182291139,-1.9258720983896926,-79.35548
0.27860162566603947,-1.6002973523768484,-43.0817
0.001262523969109843,-1.285186580588703,-75.06371
-0.9009061044684853,0.7180501559623215,-222.8801
0.7269571683676934,-2.1527216885069587,-200.7414
-0.15110220514797734,1.251111026523931,-123.6704
-0.7950345718166224,1.0218146258543441,-205.4943
-2.0316312132436227,-1.0997915010798822,-133.5286
-0.09213526138851096,0.9468497833448423,-126.7562
-1.0518337512176865,0.034338172363701944,-121.5467
1.1077157366384,0.4086265903903043,-128.1401
-1.6741930313419424,-1.3550966325726117,-112.4177
-1.1940350103425492,0.52710751471945,-113.7376
-2.3179349727188785,0.7097963872183302,-135.1364
-1.407044383795579,-0.7846472849908687,-212.9963
1.3172751982206878,0.8108610239485899,-91.14288
0.11391212543363363,-0.23367460813373314,-261.16
-0.4165185421653476,-0.43486316146753046,-2.61285
1.1690139268284934,-0.10836585761047537,-120.8612
0.2780987790471559,1.186714659607964,-93.95565
0.4095321310925856,-1.3968745662907176,-194.5927
-0.21490621974860666,0.3877851881428473,-175.104
-0.45898369375062636,-0.5459314856367453,-119.8307
-1.4974912447729,0.11449650421034213,-81.52702
-0.8163222158115666,-0.42458244187731925,-104.4205
-0.8371088299452178,-0.8145908812943335,-90.47684
-0.6235940141901332,1.0706104856990841,-119.5815
-0.9485178457156306,-0.2948019007872816,-121.5015
-2.341301307011146,0.7101928360238908,-158.1745
-1.2501147564333546,-0.7640006664004193,-98.09872
-0.9198316337202123,-0.32035554452988424,-116.381
0.9517428536724413,-0.37163531034512537,135.9768
-0.10505646492147268,2.4089185258756207,-119.5075
0.15182767043600492,0.5822424439898088,-149.8191
0.7646061031488534,-2.674158858519844,-144.3739
1.6237495618911146,0.7181321133465692,-70.61301
0.23161187664417843,1.2296621033704636,-215.589
-0.9934750999554997,-1.119597897822119,-171.2509
1.1656502719579385,-0.15136071440608972,-252.8892
-1.3683696333776743,1.8975723933533846,-120.5719
-1.6123761174570665,0.3038238121627543,-148.5759
0.6251447846584848,-2.45851259802161,-199.6859
-0.25306774625581385,-0.19207784315604415,-80.69354
0.734852108976795,-0.5406054716085749,-5.104164
0.061545753566835754,-0.28429206406549284,-62.89177
0.9256067537528349,-0.2352082487021816,-125.4288
-0.5107650250016859,-0.7131417151157308,106.9289
0.5380693490936221,0.11609340844269882,-149.9199
0.03204289102669301,-2.1136491229974967,-35.54689
-1.3919341353313104,0.11735355023392544,-136.0736
1.0989448346544664,0.8695274301279176,-210.166
-0.5718188214550177,-0.6786796679994934,-83.52255
-0.36935950096598513,0.6586979075009401,-92.14487
-1.1407671271978672,0.5230569556858562,-127.7315
-0.8795432428379214,0.4049414766112068,-112.3598
-0.226574639882045,0.07939387952687638,-110.1488
-0.4977133772751955,0.19573455921374205,-11.97329
-0.397306057889878,-0.7318131286704826,-120.6078
-0.7559097554138741,-0.9259293733630238,-176.7022
-1.9424472017599126,-1.0849785389474917,-186.9008
-0.4787684439093513,-1.7950155685185154,-146.7098
-0.5620681485460408,-0.10150281479465127,-117.1649
-1.7825090129490742,-0.17664351181448598,-145.1937
-1.0727953707651854,0.224345787809268,229.7246
0.543358774862632,0.4698321968788223,93.76723
0.7266016852791255,-0.9380951197484886,-89.42475
0.1660276708528557,0.5653569210168188,2187.48
-0.26592905403557726,0.05720197147527782,-144.012
1.341816008444797,-1.8453171929479601,-104.2755
-0.5903728653843878,-0.9994769786976394,-118.8742
1.5866074954260934,2.9082571414243943,192.8191
-2.3379735948152143,-0.03988778056739926,-93.41007
-0.9408934727808057,-1.619071327898172,-84.25926
0.5558917749953832,-1.3646985543829337,-44.17183
-0.9942347557563459,0.24224418008837073,-114.5996
0.01848187734155784,0.30693424563736565,-167.4777
0.7343395903835945,0.6768720685980621,-61.09645
-1.0312208171094448,-1.1963334183240641,-56.52979
0.30752481823416083,0.043044312981874014,68.8907
0.6260334235412697,0.5369483095662247,63.52113
-1.0908755665516785,0.11739610210054269,-140.5126
-0.5779278235034254,-0.850878462278055,-110.5251
-0.941184354754736,-0.832809747984947,-95.79656
0.0019270022213316296,-1.774730825128303,-215.4877
-0.28185616296820704,0.9507011254400844,-100.7804
0.4797179675559432,1.8716683021093237,-113.5502
0.1980883013035318,0.935597592455623,-34.30499
0.34633727067852643,1.299387298676597,17.01472
0.24672370606095426,0.5758694699003916,-50.74149
-1.2834876778346695,-1.5584655853186447,-241.4846
1.7249072227035955,-2.62262724564381,-79.9048
-0.30433409798247474,0.5934122011597391,-89.36111
-1.1726725804538574,1.7188367643311646,324.4475
2.764138654782307,1.7655993446030338,78.47868
1.7142882933983858,-1.2077175742205528,-180.8354
0.3567057644633016,-0.8527952204500724,-108.0698
0.16693754156686408,0.10025812766384601,-51.75444
-0.8108985206053895,0.07126806914495946,-93.82636
-0.7635949499161978,-1.546375459494343,-111.0041
-0.5374322028502215,1.8730347178780444,140.2806
0.08578871774369663,-0.5568389226004397,20.57055
1.363916890492905,-0.3305753925597896,-64.80022
-0.8397922548408292,0.30798598773618613,-161.4074
-0.12323700243682255,-1.4935680123938184,-128.1484
0.0805100987265818,1.1547577557644941,45.708
-0.5036141603817741,-0.8808772192642166,-224.2161
-0.5357370300169935,0.014372466386490864,-65.54659
1.331379367025993,0.2791497861258615,127.8685
2.7376964308846685,0.9240926227183577,-119.2694
1.347147178700918,0.10585699028141844,-110.1219
-0.2523039704278703,0.5135903966911066,-64.29217
1.908967281532404,0.8511157748582178,-150.9029
-0.6549305907244709,0.3357500432306706,-3.949174
0.06069638123113362,1.6282761085997792,1695.788
-0.2647056416609697,-0.2388485063917189,-100.6625
-0.41006323003605816,1.4469819767665473,-41.81109
-0.6758100431074608,0.443837714515273,-53.48842
-0.37057298857242443,-0.9354283089781276,-73.37358
0.11503232355502974,-0.17399959147846378,-94.43491
-1.7099211906219527,0.21035168372647517,-107.2387
1.6371661288516715,1.6997371702258077,-73.2963
-0.22219543575694717,-1.3734015480016653,-96.95332
1.010652180191045,-1.6099270910551877,-117.4206
1.1547545614775059,1.0148654840429876,-134.6752
-0.037799157764150715,-1.6455899892555943,-94.08733
0.6854791034551643,1.5823726192980074,-80.73659
-1.1545250237938298,0.2834692021183611,-63.38041
-0.513124515888693,-0.7971371825143307,-105.9005
-0.8445592920188111,-0.6989093424159573,-101.3087
1.258027959017193,1.9413417878105945,47.1291
-0.8048296175679881,-0.0499232570393868,-179.3424
0.5175671277379844,-1.0678904170333527,-104.4273
-0.033161600890360673,-1.5520449550903308,161.2192
-1.1557789354874388,-0.5898188783415359,-157.298
-1.3336542022503521,1.6830579595220634,-88.31595
-0.04375611275941179,0.36735951266562966,-59.46198
-0.4621194779697841,1.0872655389400627,-115.5257
-0.8466733067494034,-0.39968508505808137,-60.64225
-0.7886916177465338,-0.9217057345322747,-142.0747
-0.7740557151522993,0.07094189335267011,-77.59087
0.8455356373097515,1.7389718833269958,-120.3491
0.6413395832048231,1.2078929650652819,-120.8084
0.7037652474960169,-1.7674740524034136,-43.43077
-0.34865828907504565,-0.4742898546996105,-164.6111
-0.07620949599957821,1.2790033672208305,-117.0528
-0.7102024681423105,-0.39917110424889984,-68.91879
0.24813952226653777,-1.1141036855105184,-124.6732
0.36544332826527365,-0.6297918492253032,-199.7997
2.8444539098317696,-0.009226887423146089,111.989
-0.5235030270505348,-0.7251557663684249,-57.09344
0.6056112394232105,-0.22805999401051086,-54.37654
-0.3866873619167279,0.9281913541611012,-64.11221
-2.678099818742282,0.7949338520831203,112.1682
-0.7188009536732846,0.5515028861352957,-163.5133
-0.3402177094087924,0.2924371251630302,-32.16571
-1.063300808327389,-1.4519484460112808,-115.7754
-0.4179460644144132,-0.07705417741246848,-42.88751
0.21640146229837615,-0.8265334525317998,-147.741
2.0732885928843485,-0.08026790603235491,-151.8196
2.936717958459684,0.5588224718708275,1004.165
-0.8613235304424729,0.8455285674162876,-76.11571
-0.736016684768247,-0.8059619293656085,-139.023
-0.5909093082376414,1.978079913915404,-37.73373
-1.2034916002908629,0.5782896693244108,-99.24374
-0.07180023770935653,-1.8433667441941157,-200.4294
-1.586677145857474,0.5324189538859416,-110.1877
0.6440081430456489,0.12666454909692,-94.86583
2.261437641221839,-0.2807150352311642,-73.91019
-1.5491693003427187,0.38756265386810224,-77.43768
0.5770685041452766,1.2682057805851983,-125.7206
0.3682125792359982,-1.1321761444916103,-84.46045
-1.3232129200825693,-0.5520417688957462,-126.0919
-0.8215113042398191,-0.19651987650461594,-177.8077
0.18905761750110123,-1.9131764368854816,-261.454
-0.391245150259948,-1.1892980719397543,-96.75897
-0.6573690540663254,-1.1016727041576357,-71.35511
-0.8018049009996713,-2.400262013662419,-83.28143
-0.7534527308083541,0.6331522745542693,-128.6412
-0.8027468024301851,0.018470940387047385,-171.4217
-1.5588588570125963,1.7583936203133037,-52.72374
-0.508155329342274,-0.5816640015697694,-39.42842
1.2227806777360763,-0.9224622033072635,-5.148214
-1.5485132406075304,0.2764464504200621,-154.4811
1.5833082933630143,0.3963712624879707,-33.50361
-0.3737674115381756,-0.6041363270339359,-58.74665
0.03809257015742468,0.3208593410072261,-65.16671
1.481690461134599,1.5252775336384259,-57.67379
-0.8630458292055712,1.0121577791342307,-116.5925
3.2576105551480397,0.007588095945183284,-103.903
1.8066613955024347,-0.7661055410147024,-193.0387
-1.4954811811840911,1.4412278484474252,-111.3579
0.05227805862474095,-0.014289719512420697,-48.66751
-0.9460765960700889,-1.0577637155193962,-117.354
0.15690356302336575,1.3436216333820843,-219.6622
0.14841129188576774,-0.36536904609253407,-122.6576
2.1557733477042045,0.3823630509486228,176.0065
1.4892102081505265,-0.9172631653072523,-109.0993
0.45740506756479427,0.3879070640571892,-80.31161
0.35458725338649594,-0.3837159122875637,-217.8528
2.9603323036648272,0.31959765348035757,-51.42081
1.9584683346865541,-2.0051092556250474,-62.79867
-1.6503353716935363,-0.47601563198782304,-80.12929
-1.0361097674459678,1.7360756739060086,-185.5431
0.21098704107070626,-0.7673533986384035,-247.8552
0.6248906002826963,-2.043634104735542,-70.12241
1.9078785236760343,1.9700454753132675,-48.69969
-0.8769205004603341,1.0585336630714453,-86.20325
0.676223513409933,0.3851056529666184,-60.61986
0.9300220676392156,1.1670906240397243,516.9882
0.21701097796958507,-0.3801596750454419,579.9435
0.5144550363535928,-2.1733205830294557,-97.11933
0.1464807030517547,0.5818164384149487,147.5479
0.8390985385490729,-0.6266481423039758,-117.6607
0.34829942127425917,-0.6524352633670603,-57.63478
-1.8707622077676795,1.3085568271865025,-69.60094
-0.0304395212837671,-0.6264470503098755,-143.7132
-0.4662332804063197,2.2610926153491326,-71.09383
0.4954335028244488,0.8872863772340986,-199.8656
-0.9917693981930744,1.0050931063573583,-146.004
0.730102516020119,0.5602157672336208,-183.0348
-1.1748639703998471,0.08140621727842533,-190.4471
-0.6829184746058036,0.8151472219313286,-75.74864
1.049752923717607,1.0846330269576878,192.5431
-0.21826783668908634,-2.966529761475885,-113.621
0.0175989573433177,0.0058489901058053064,-37.33955
1.055098477831094,0.01504486467302014,-100.8349
-1.3638471849960045,-1.958208173197002,-52.11357
-0.024479521089789145,-0.6189061872834941,-46.03986
0.9809945140959484,-1.0997201524105835,-111.506
-0.23572825856293353,1.0604666953335304,-170.7648
0.12355639983496018,-1.7524554963148218,-143.9259
-0.8225710916097062,-1.9808572784123692,-98.19868
0.014303261039072562,-1.402452944982832,1173.075
-1.3265667011486961,0.48641159294960384,-175.9574
-0.3754098129566183,0.9808180267402957,-147.9167
0.4180972208631795,0.30015366791394804,723.5811
-0.8932355164771618,0.10725801036854857,-101.5196
0.5783283650288326,-0.6682039847367437,-152.3774
-1.1751310975309326,-0.07647696211617973,-143.9106
0.28583241431558304,-1.0578048290079283,-97.98203
0.8855309104687153,0.385198206982893,-181.4198
0.1889393891813408,-0.21360833355238415,-64.43719
0.13356486241351384,-0.28464288664442705,-204.5604
-0.5860293900335819,-0.730116898387528,-40.79762
0.9108405478015413,1.7571429676768955,93.91679
-1.9679979208000788,0.13839501966699747,-69.58591
-1.6962192580087363,0.30548152339769374,-147.8303
-0.3374586020444724,-0.6139657722155494,1048.584
1.4357004321895401,-0.3431719226521357,-185.4079
-0.3471511856747136,1.5631869931645272,-134.4103
-1.7729501291383083,-0.5011608082089206,-139.9242
0.18013191579980395,-0.258457310864062,-79.4814
-0.6539957746972664,-0.7704369643769144,-99.56768
1.8233973422067196,1.6141643480481023,-109.4603
-1.6987306039756989,-0.24445438251438417,-74.05845
0.8208524599556317,0.798454741017325,-167.8904
1.0788576131172893,1.5740187428482322,-92.83437
-0.4633601610332819,0.21728400088948366,-108.5337
-0.39766510070905714,0.42999420103717817,358.5437
1.004716384997559,2.9740892552045466,479.3814
-0.6238245223177558,0.52747001788666,-73.06732
-0.9543918695863575,-0.0652211210586875,-133.3693
0.7217016003467892,-0.6649092352986599,-199.9952
-0.8549616967602668,-1.3873542658439546,-67.48626
1.4810009780218565,-0.44277315041046705,-182.4446
-1.3144918020663399,1.6339039879213213,-209.425
-0.8560720199643257,-0.3449472302465796,-126.2032
-0.3374514787652425,-0.40832953927886667,-123.8857
0.1157084490397598,0.9059071606594334,-51.92262
1.3875825024287378,1.6181823930805597,219.9283
-1.2332600040133004,0.090380644118216,-119.9965
0.33162575606450456,0.9631176490748423,2458.126
0.5682255832279848,2.471289403566861,-65.57884
0.8209389176242898,-0.4281826930053201,-224.0978
-0.6460020891195954,-0.28125822433716147,-27.99819
2.636405249802934,1.4169068210046147,21.95873
0.20960506295293155,-0.1014336211536924,56.47375
0.4275507612303763,-1.0503897707778054,-202.197
-1.7777371436663534,0.947015577518892,-129.2197
0.7140976327591673,-1.038995585315789,-38.17317
1.1384029774255353,0.12113611521302593,-60.8261
-1.334902463562864,0.29697545753054727,-140.7258
-1.0772270193730706,-0.07796313416363619,-145.2189
-0.9670023599218879,-0.3417393552720153,-150.2114
-0.8881301426918878,0.1341295681158821,-188.1535
0.5270020167089011,0.443762046483202,-98.62666
0.8328126121324744,-0.43257671194865466,52.09246
-1.0801005161484343,0.17347634543814913,-65.30294
0.5732633736409501,-2.2094514106643164,-112.4877
-0.7146244347267984,1.578722692147307,-135.9108
0.5136282239793999,-0.14120866258570614,-199.7295
-0.5017736748708672,-1.3792977979261372,-159.9067
-0.6292422042657306,1.893153846065896,88.3925
-0.1388318769609545,-0.7465841824211589,-151.4628
3.4820359189947276,1.4211463742967028,-182.1568
1.6542375932490003,-2.051367306839325,-117.7066
1.469522037236503,-0.13045506007989793,-125.9544
-1.1226444458327158,0.8713933518657382,-158.7645
-1.2776760334587502,0.18822910753733438,-78.61679
-0.6083513191994376,2.0669963530291278,-229.8708
0.8543187686632226,-0.11702424264102486,-120.8164
0.1852266825582279,0.2241425506781549,-111.1075
-0.7101909084538435,-0.02569543010171539,-117.6271
-1.0659156734390176,-0.5687634441825636,-95.02684
-0.33905828502477176,-0.8251511277386091,-53.00897
-1.719025068792813,1.7688712444177068,-157.2238
0.46752031164145097,-0.5851342881100822,-204.951
-0.5787957462583111,1.4848132227486845,-111.2226
-0.27588286098000414,0.04949366573084126,-160.0173
-0.9512249900841506,1.4138990091648396,-164.9494
-0.08258260454045456,-0.8433674504896069,-165.8701
-1.1526324530077712,-1.1495229121956159,-36.9229
0.08763401880691764,1.2843777015442959,-168.9514
0.03817482319092081,0.39961457532031425,-76.96413
-0.7071872657982351,1.6185712990491852,-183.1439
-1.1738017674390517,-0.665426957164912,-148.7524
-0.1142746838380565,0.34896272941824696,-81.05736
-1.6523486633322046,0.7050492512439404,-40.44654
0.8563985053605595,-0.7520010846089609,-71.45805
0.6209781932440017,-1.4968841814935272,-68.46117
1.0269601713513767,0.43036068506108666,-84.508
0.004136416352398932,-0.569812555846345,-79.14513
-1.2015387396925739,0.9132436115802284,-197.9005
-0.8447974038644095,-1.090049402459259,-124.7996
-1.428391495968219,-1.1853983499424365,-63.52578
0.9847416856324409,-1.803361507783316,-129.3375
1.550010939303197,-0.31361706478470364,-123.4089
-0.68119276828912,-0.20835626631909296,176.8029
0.08033837363094548,-0.5100190915963467,-83.61142
0.07002018177138833,2.2883695455036315,956.0106
1.2354956893887332,-2.1834592245765454,-137.8401
2.143016301562507,-0.6453540308254252,-140.9084
1.864292620665504,-1.350374793186446,62.98001
0.7068113395711263,-1.7582470450228351,-199.2721
1.7846719727213114,-0.4805634821434603,-270.7056
0.8465978906809032,-0.05245397047779825,-60.17766
-0.6059271699487767,0.9299267098951365,-79.02357
0.41979662374265975,-0.5173217567624685,-106.9623
1.7054699136701506,-1.1228250807232998,-73.89352
0.2062516250458538,0.16438752246782387,-1.705366
-1.589065254509844,-0.4905673483588202,-117.7665
1.1258259478485635,0.7517039008311206,-112.8976
-1.104266566207693,-0.44228247660875014,-99.48438
1.014423198972481,1.425380887119484,139.8927
1.8608169287745777,-1.3667376582429447,-151.7724
0.5502013179971116,-0.6790831410898156,-33.96175
0.06628949961622815,-0.5463378653945913,5326.674
0.17591474391027867,1.3797161384389087,-63.71712
-0.37820011003157633,-1.1278737119705415,-120.4713
1.634167677086112,1.1671635097314221,-109.9221
0.6097504739530807,1.448831897786364,-49.62952
0.891790655596019,-0.24803279286205973,-84.35416
-0.8482045692665546,0.513734256173343,-47.22732
-0.32370662897079616,-1.0532244306618648,-84.85544
-1.0694924725509247,1.0923789149166743,-179.6741
-0.8218980557902396,0.36641979597149277,-75.33544
0.6081100699602057,-1.1588583534187167,116.849
1.5170922828241429,-0.8980897235419079,-23.53701
-0.2899687545611617,-0.9311861562919821,-41.79395
2.4049752933040875,1.2104234260554567,-70.29514
-1.0242821524419967,-1.5187860294925368,-41.91812
1.2173431391775185,-0.6483376686878183,-213.5712
0.2177154806266549,0.7197972259875746,176.0726
1.3877983186403773,-0.2475522694087209,-95.92752
-1.3630058022078966,-0.38055853470641476,-18.38611
2.714686045456271,2.5647287054773504,1936.91
-1.0186340578545376,0.6079956540702942,17.43691
1.4707008758247706,-0.24698616862013842,-74.74229
-1.4926181905972205,-0.9839398635268636,-142.9963
-1.015365473778134,1.4489282722137296,-143.5475
0.9430433070284897,-0.9703669413987199,-84.15868
-0.30872994016802713,-0.1883561376109281,-48.32529
-1.7551918153820296,-0.3722774820267963,-169.9576
-1.637843101077048,-1.9403864284637304,-97.34146
-0.8895630502852243,0.06349871714682732,-140.1603
1.8220077677738036,-1.2966739016199105,-183.6171
1.5149858808777479,1.169901189866466,-87.71342
-1.6181995799375217,-0.938603576953109,-108.6563
0.9780616600076417,-1.1941918259221003,865.3577
0.06468775626379414,0.009425867735632535,-158.8094
0.7905233824533958,1.2968749986864032,-115.7849
1.9089512662044077,-0.8007033171422151,351.0216
0.963508935512531,0.11347625833813008,-83.56942
0.6804573894128537,-1.3418230012743497,-63.2655
3.274272902801546,0.8286816938677407,-149.0416
-1.501688605104487,-0.568564116762872,-209.7813
0.6165552001778184,-1.0908691229437,-136.9833
0.51926881059022,-0.20717734560119472,-92.11478
-0.38056776553919464,0.5772849280857982,-58.41627
-0.5727787535341096,-0.8340568354415285,-83.85016
-1.761058756518986,-0.2223440956638595,-136.9402
0.4714473545465475,-1.7021216369509957,-74.4375
-0.9813361464052275,-0.7476139569749731,-191.2809
0.18028203242357632,1.309886999473981,-134.7579
-1.4890772479442065,0.3381333594525582,-92.64426
-0.3210076036878268,0.12801742985087244,-81.32375
0.4652402682601686,-0.48102599977208865,-91.12045
1.3905263994442258,-0.26526406883530174,48.35978
0.33484303376382674,1.3175826790603202,166.7535
1.6189765056563095,0.4550017076651879,21.87012
-0.5057130337039483,-1.4203314430809353,-152.4596
0.9689025970196781,1.0194638912424747,-48.33619
0.32943658395310427,-1.182030692129062,-96.72032
1.6584908440223056,-0.318077598767657,-111.4797
0.7549448953200316,2.104334893620067,-125.406
-1.425361547732891,0.1099856582229008,-74.37019
0.13914109029182448,1.0993413773027232,-151.9078
-1.2889778144345916,-0.886308102436645,-159.0862
-0.7870444558359283,-2.241816523786164,-104.3277
0.4384542312431796,-0.4653305164627473,-85.71375
0.5284705282080826,-0.7706523066706372,-213.1609
-1.0642581577547046,1.2153692534961122,-37.53828
1.9137408463839625,1.9926559653351543,-82.15409
0.5394746551835069,-0.45391851598597843,4038.205
0.4956690138271082,-1.7679261805801687,-27.78636
-0.4901858252209745,0.29075537066305596,-123.9326
0.18246453237877522,-0.5541981828931,-155.0722
-0.16195564839484486,-1.4054334897632654,127.4797
0.35672842534415705,-1.7293931579782342,-142.5067
0.3308931620666422,-1.3273330789225375,-117.36
1.239503396137311,-2.2147385301362434,-105.3164
-0.8663755236771254,-0.7303507936692955,-73.98441
1.0630503132702263,0.6004887452973767,-110.2626
-1.8578372823052294,1.1268956371178653,-38.67907
1.0967457012365616,1.0354969088304662,-185.4533
-1.5437153953358314,-0.2158227716209751,-103.2449
2.0146507333053307,-0.17123736607729395,197.6357
-1.2575587617112962,0.8771850641292334,-225.9138
-0.3697957064677783,0.34290745715898485,-11.1119
-0.0050042839214868165,0.8168373930277254,-148.1179
0.20449150644587896,0.6803031886199448,-59.4216
-0.8585364097896666,0.4659514810634886,-160.3219
-0.23429189082970903,-1.5010437633480103,-89.95271
1.0211710293700904,0.583917219203025,4.663925
-0.010846033345642339,-1.1222966354261106,-156.8051
-1.6612859293492523,-0.9857285720883757,-61.36193
-0.6456934387489152,-0.03725933264987489,-161.9634
-1.1220986557028125,-1.133640033514654,-166.9081
-0.31028307396317534,-1.219773102890081,-119.1063
3.0834584433874546,-0.9105771904266832,-237.498
1.4857957725123727,-0.2558066467885226,173.6523
0.489696327327265,0.27523591296085,-122.0747
-0.5118887465819068,-0.26398405141921694,43.0113
1.5498861111512572,-0.3267428201944271,-94.94838
0.9850230594282985,-2.887282979114993,-151.7654
1.5368684594471356,0.6319462144836716,-103.7349
2.651207510804268,0.2065081690608583,-52.97404
-0.25177806542331654,-0.11199999965534677,-54.8761
0.298784545027545,0.45015366650991284,-93.46039
-0.1223802987756402,0.145819093435851,-43.53857
0.6345335743921968,1.5896941373654003,-88.92642
-1.2154053036660755,0.002056372327568257,-192.7637
1.0602485247767026,-0.09777408728466785,-153.2413
-1.1181519553145554,-1.3514168975286471,-164.3708
-0.820832190561223,-1.774064953525885,-137.2836
-1.1094613392950738,-0.6557632856486352,-86.76793
0.3139838715525551,0.12639318268488767,-167.6121
-1.3917911374135206,1.046006217064913,-79.25368
0.5213331959981357,-0.47378664932460496,-161.7824
-0.5648502427130767,0.28498890724750775,-133.3517
0.44535733387219434,0.22853869077800587,-85.23944
0.0985007263833,0.5643537869570059,-53.45758
0.31051484838405974,-0.09148971342229667,-84.05257
-2.5369541922992473,-0.5371314560388551,-80.76668
-0.9524749515314219,-1.1943716176007846,-69.72279
2.103401105255611,-0.5819433786368606,-137.2476
0.49498046609526397,0.13269189749360483,-39.32333
-1.03388273294019,-0.051855922989313734,-113.6075
-1.316539627031385,0.275621561641806,-146.4463
-0.7788055140220296,-1.4753597778278347,-28.22833
2.784081451605774,-1.154039428403367,-158.6799
-1.3984605256784777,-1.2360742906189448,-165.7491
0.4934010180168722,-1.20519234400566,-73.67062
-1.573696908677002,-1.2687816177506903,-55.81455
0.9487946508182421,-1.1615785957130973,-61.88296
0.8639252345166789,-0.2582685380454062,-83.97797
-1.0313796760105178,-0.08646700574547744,-145.1902
-0.6172565467051542,1.178288700706332,-49.67203
2.344654877065891,0.04182265041652879,27.82211
-1.2922365337371748,-0.6775632976497334,-149.2315
0.5578501910639195,0.03260326262437687,652.8509
-1.0405410609947645,0.5842806980121235,-36.33101
-0.7575404798848846,-0.8628835990348528,-92.09998
1.5190237218756495,-0.06111300708575354,229.5666
0.40378352140289264,1.1138227008684227,701.1165
0.03317441645057686,0.0006980567494968059,-135.3255
-1.9477660256502967,2.4571960819724694,-153.5538
-0.1150282617425508,2.438917825274933,106.2627
0.669808147733353,-0.4181076925707747,-15.64672
-0.7739112503895443,0.2575285190856501,-61.25545
-0.11408285665623506,-0.2115648481762459,-73.51141
0.7129025602625875,-0.17457898957825585,-166.4266
1.8111527689378868,-0.2705387019036192,344.9278
-0.9324717638795329,1.1466378908055146,-56.55901
2.0811886375151007,0.770147467309374,-119.2993
-0.9198072159927152,-0.25280105189503677,-163.0258
-0.4914046413231021,-1.0019676779082747,-68.12879
-0.1710490887452641,2.044929011146441,-133.6899
-0.22478623884747947,1.7448236270740471,-126.685
0.41580693089889087,0.07526798777519253,-90.08231
2.2197187295123637,-0.585839607387666,-138.0172
1.4334557302897377,0.3490897489331476,-27.73528
-2.0664481666856234,-0.8344950852266416,-77.57333
-1.09272045121244,-0.19441802021213153,-206.2781
0.20181704354209773,0.658156695171616,-178.0625
-2.3847582710247472,0.7530155841076488,-116.7179
0.36468443976607134,3.77240060489861,-31.63665
0.9203984523724666,0.34683064662882807,-5.198078
-0.08445077481601286,0.29388825829961346,-167.9439
1.4688724873977799,0.4595770115120612,67.34209
-0.12651829487927507,-0.42270425234550174,-183.8669
-0.8705795573895494,0.3601996526446371,-112.6714
1.1169564841559954,2.771502351135689,-57.14407
-0.9421572686705545,-0.36807773917989356,-68.98914
